cve_ent,nom_ent,cve_mun,nom_mun,mun_ori,cve_geo,id_region,region,cve_local,nom_local,id_ue,nom_ue,razon_soc,cod_act,nom_act,num_per,lat,long,fecha
31,Yucatán       ,096,Tizimin,Tizimín,31096,5,V Noreste ,1,Tizimín,4547701,11807,SERVICIO YUCATANENSE S DE RL DE CV,468411,Comercio al por menor de gasolina y diesel,0 a 5 personas,21.14629845,-88.13744596,2010-07
31,Yucatán       ,050,Merida,Mérida,31050,2,II Noroeste ,1,Mérida,4516417,ADITIVOS Y LUBRICANTES DE LA 63,,468411,Comercio al por menor de gasolina y diesel,0 a 5 personas,20.96250657,-89.60630616,2010-07
31,Yucatán       ,050,Merida,Mérida,31050,2,II Noroeste ,1,Mérida,6224040,AMÉRICAS,GASOLINERA ROMA SA DE CV,468411,Comercio al por menor de gasolina y diesel,11 a 30 personas,21.05784631,-89.64371148,2010-07
31,Yucatán       ,050,Merida,Mérida,31050,2,II Noroeste ,1,Mérida,8639544,ANIKABIL,SERVICIOS SAN NICOLAS SA DE CV,468411,Comercio al por menor de gasolina y diesel,6 a 10 personas,20.99375591,-89.68277216,2019-11
31,Yucatán       ,050,Merida,Mérida,31050,2,II Noroeste ,1,Mérida,6712361,AREA DE HIDROLAVADORA Y ASPIRADORA GRATIS,COMBUSTIBLES Y LUBRICANTES POLIFORUM SA DE CV,468411,Comercio al por menor de gasolina y diesel,0 a 5 personas,20.94445915,-89.59201756,2016-01
31,Yucatán       ,052,Motul,Motul,31052,4,IV Litoral centro ,1,Motul de Carrillo Puerto,6416054,AUTOSERVICIO MOTUL YUCATAN,AUTOSERVICIO YUCATAN SA DE CV,468411,Comercio al por menor de gasolina y diesel,11 a 30 personas,21.11433818,-89.28131479,2014-12
31,Yucatán       ,075,Teabo,Teabo,31075,7,VII Sur ,146,Autoservicio Yucatán [Gasolinera],6416052,AUTOSERVICIO TEABO YUCATAN,AUTOSERVICIO YUCATAN SA DE CV,468411,Comercio al por menor de gasolina y diesel,6 a 10 personas,20.40403636,-89.30649249,2010-07
31,Yucatán       ,050,Merida,Mérida,31050,2,II Noroeste ,1,Mérida,6414244,AUTOSERVICIO YUCATAN,AUTOSERVICIO YUCATAN SA DE CV,468411,Comercio al por menor de gasolina y diesel,11 a 30 personas,20.99575941,-89.62370504,2010-07
31,Yucatán       ,050,Merida,Mérida,31050,2,II Noroeste ,1,Mérida,8167836,CARBURANTES DE YUCATAN CAUCEL,CARBURANTES DE YUCATAN SA DE CV,468411,Comercio al por menor de gasolina y diesel,6 a 10 personas,20.99237542,-89.67994686,2019-11
31,Yucatán       ,050,Merida,Mérida,31050,2,II Noroeste ,1,Mérida,8611749,CARBURANTES DE YUCATAN CIRCUITO PONIENTE,CARBURANTES DE YUCATAN SA DE CV,468411,Comercio al por menor de gasolina y diesel,11 a 30 personas,20.94263412,-89.64839329,2019-11
31,Yucatán       ,050,Merida,Mérida,31050,2,II Noroeste ,1,Mérida,8901356,CARBURANTES DE YUCATAN PARAISO MAYA,CARBURANTES DE YUCATAN SA DE CV,468411,Comercio al por menor de gasolina y diesel,11 a 30 personas,21.01835055,-89.56919974,2019-11
31,Yucatán       ,050,Merida,Mérida,31050,2,II Noroeste ,1,Mérida,8359068,CARBURANTES DE YUCATAN PERINORTE,CARBURANTES DE YUCATAN SA DE CV,468411,Comercio al por menor de gasolina y diesel,11 a 30 personas,21.02605101,-89.57227091,2019-11
31,Yucatán       ,050,Merida,Mérida,31050,2,II Noroeste ,1,Mérida,8611750,CARBURANTES DE YUCATAN PERISUR,CARBURANTES DE YUCATAN SA DE CV,468411,Comercio al por menor de gasolina y diesel,11 a 30 personas,20.90685968,-89.67758246,2019-11
31,Yucatán       ,059,Progreso,Progreso,31059,2,II Noroeste ,1,Progreso,6874525,CARBURANTES DE YUCATAN PROGRESO,CARBURANTES DE YUCATAN SA DE CV,468411,Comercio al por menor de gasolina y diesel,11 a 30 personas,21.27730689,-89.66249872,2019-04
31,Yucatán       ,096,Tizimin,Tizimín,31096,5,V Noreste ,1,Tizimín,8236136,CARBURANTES DE YUCATAN TIZIMIN,CARBURANTES DE YUCATAN SA DE CV,468411,Comercio al por menor de gasolina y diesel,11 a 30 personas,21.13070479,-88.15438471,2019-11
31,Yucatán       ,050,Merida,Mérida,31050,2,II Noroeste ,1,Mérida,6873925,CARBURANTES DE YUCATAN UMAN,CARBURANTES DE YUCATAN SA DE CV,468411,Comercio al por menor de gasolina y diesel,11 a 30 personas,20.90669208,-89.6774882,2019-04
31,Yucatán       ,059,Progreso,Progreso,31059,2,II Noroeste ,1,Progreso,6413511,CARBURANTES Y LUBRICANTES DE PROGRESO,CARBURANTES Y LUBRICANTES DE PROGRESO SA DE CV,468411,Comercio al por menor de gasolina y diesel,11 a 30 personas,21.28116953,-89.66284497,2010-07
31,Yucatán       ,059,Progreso,Progreso,31059,2,II Noroeste ,1,Progreso,4487738,CARBURANTES Y LUBRICANTES DE PROGRESO,CARBURANTES Y LUBRICANTES DE PROGRESO SA DE CV,468411,Comercio al por menor de gasolina y diesel,11 a 30 personas,21.27638458,-89.6610154,2010-07
31,Yucatán       ,062,Sacalum,Sacalum,31062,7,VII Sur ,1,Sacalum,4558213,CASA PARTICULAR VENTA DE GASOLINA Y REFRESCOS,,468411,Comercio al por menor de gasolina y diesel,0 a 5 personas,20.49960074,-89.59214247,2014-12
31,Yucatán       ,050,Merida,Mérida,31050,2,II Noroeste ,1,Mérida,6719414,COMBUSTIBLE PERIFERICO SUR,COMBUSTIBLES PERIFERICO SUR SA DE CV,468411,Comercio al por menor de gasolina y diesel,6 a 10 personas,20.98699117,-89.70229849,2016-01
31,Yucatán       ,050,Merida,Mérida,31050,2,II Noroeste ,1,Mérida,6874557,COMBUSTIBLES CHUBURNA,COMBUSTIBLES CHUBURNA SA DE CV,468411,Comercio al por menor de gasolina y diesel,11 a 30 personas,21.00914574,-89.62329028,2019-04
31,Yucatán       ,050,Merida,Mérida,31050,2,II Noroeste ,1,Mérida,8700086,"COMBUSTIBLES CHUBURNA, S.A. DE C.V.",COMBUSTIBLES CHUBURNA SA DE CV,468411,Comercio al por menor de gasolina y diesel,6 a 10 personas,20.944581,-89.58132111,2019-11
31,Yucatán       ,041,Kanasin,Kanasín,31041,2,II Noroeste ,1,Kanasín,8208302,COMBUSTIBLES DE SUROESTE,COMBUSTIBLES DE SUROESTE SA DE CV,468411,Comercio al por menor de gasolina y diesel,11 a 30 personas,20.93346444,-89.56951803,2019-11
31,Yucatán       ,050,Merida,Mérida,31050,2,II Noroeste ,1,Mérida,4577435,COMBUSTIBLES DE TANLUM,COMBUSTIBLES DE TANLUM SA DE CV,468411,Comercio al por menor de gasolina y diesel,11 a 30 personas,21.00205764,-89.6388535,2010-07
31,Yucatán       ,050,Merida,Mérida,31050,2,II Noroeste ,1,Mérida,6280492,COMBUSTIBLES DE YUCATAN,COMBUSTIBLES DE YUCATAN SA DE CV,468411,Comercio al por menor de gasolina y diesel,11 a 30 personas,20.93822664,-89.61849756,2014-12
31,Yucatán       ,050,Merida,Mérida,31050,2,II Noroeste ,1,Mérida,6280175,COMBUSTIBLES DE YUCATAN,COMBUSTIBLES DE YUCATAN SA DE CV,468411,Comercio al por menor de gasolina y diesel,11 a 30 personas,20.96592276,-89.62624956,2010-07
31,Yucatán       ,050,Merida,Mérida,31050,2,II Noroeste ,1,Mérida,6280493,COMBUSTIBLES DE YUCATAN,COMBUSTIBLES DE YUCATAN SA DE CV,468411,Comercio al por menor de gasolina y diesel,11 a 30 personas,20.92665374,-89.6849937,2014-12
31,Yucatán       ,050,Merida,Mérida,31050,2,II Noroeste ,1,Mérida,6280105,COMBUSTIBLES DE YUCATAN,COMBUSTIBLES DE YUCATAN SA DE CV,468411,Comercio al por menor de gasolina y diesel,11 a 30 personas,20.99849349,-89.57128068,2010-07
31,Yucatán       ,050,Merida,Mérida,31050,2,II Noroeste ,1,Mérida,6280445,COMBUSTIBLES DE YUCATAN  SUCURSAL ITZAES,COMBUSTIBLES DE YUCATAN SA DE CV,468411,Comercio al por menor de gasolina y diesel,11 a 30 personas,20.94875045,-89.64976803,2010-07
31,Yucatán       ,050,Merida,Mérida,31050,2,II Noroeste ,1,Mérida,6280095,COMBUSTIBLES DE YUCATAN  SUCURSAL KUKULKAN,COMBUSTIBLES DE YUCATAN SA DE CV,468411,Comercio al por menor de gasolina y diesel,11 a 30 personas,20.93989886,-89.59347962,2010-07
31,Yucatán       ,050,Merida,Mérida,31050,2,II Noroeste ,1,Mérida,6280448,COMBUSTIBLES DE YUCATAN  SUCURSAL PERIFERICO SUR,COMBUSTIBLES DE YUCATAN SA DE CV,468411,Comercio al por menor de gasolina y diesel,11 a 30 personas,20.89409123,-89.66671586,2010-07
31,Yucatán       ,050,Merida,Mérida,31050,2,II Noroeste ,1,Mérida,6780427,COMBUSTIBLES DE YUCATAN CHICHI II,COMBUSTIBLES DE YUCATAN SA DE CV,468411,Comercio al por menor de gasolina y diesel,6 a 10 personas,20.99882815,-89.56282521,2017-03
31,Yucatán       ,050,Merida,Mérida,31050,2,II Noroeste ,1,Mérida,6280442,COMBUSTIBLES DE YUCATAN SUCURSAL  LINDAVISTA,COMBUSTIBLES DE YUCATAN SA DE CV,468411,Comercio al por menor de gasolina y diesel,11 a 30 personas,21.01136988,-89.65328151,2010-07
31,Yucatán       ,050,Merida,Mérida,31050,2,II Noroeste ,1,Mérida,6280089,COMBUSTIBLES DE YUCATAN SUCURSAL DONDE,COMBUSTIBLES DE YUCATAN SA DE CV,468411,Comercio al por menor de gasolina y diesel,11 a 30 personas,20.99074016,-89.63847912,2010-07
31,Yucatán       ,050,Merida,Mérida,31050,2,II Noroeste ,1,Mérida,6280115,COMBUSTIBLES DE YUCATAN SUCURSAL JUAN PABLO II,COMBUSTIBLES DE YUCATAN SA DE CV,468411,Comercio al por menor de gasolina y diesel,11 a 30 personas,20.96368205,-89.65023946,2010-07
31,Yucatán       ,050,Merida,Mérida,31050,2,II Noroeste ,1,Mérida,6280114,COMBUSTIBLES DE YUCATAN SUCURSAL JUAN PABLO II,COMBUSTIBLES DE YUCATAN SA DE CV,468411,Comercio al por menor de gasolina y diesel,11 a 30 personas,21.03356999,-89.65567255,2014-12
31,Yucatán       ,041,Kanasin,Kanasín,31041,2,II Noroeste ,1,Kanasín,6280242,COMBUSTIBLES DE YUCATAN SUCURSAL KANASIN,COMBUSTIBLES DE YUCATAN SA DE CV,468411,Comercio al por menor de gasolina y diesel,11 a 30 personas,20.93957803,-89.56732059,2010-07
31,Yucatán       ,050,Merida,Mérida,31050,2,II Noroeste ,1,Mérida,6280326,COMBUSTIBLES DE YUCATAN SUCURSAL MELCHOR OCAMPO,COMBUSTIBLES DE YUCATAN SA DE CV,468411,Comercio al por menor de gasolina y diesel,11 a 30 personas,20.97058817,-89.56506245,2014-12
31,Yucatán       ,041,Kanasin,Kanasín,31041,2,II Noroeste ,1,Kanasín,6280443,COMBUSTIBLES DE YUCATAN SUCURSAL NOH PAT,COMBUSTIBLES DE YUCATAN SA DE CV,468411,Comercio al por menor de gasolina y diesel,11 a 30 personas,20.95059362,-89.56062768,2010-07
31,Yucatán       ,050,Merida,Mérida,31050,2,II Noroeste ,1,Mérida,6280444,COMBUSTIBLES DE YUCATAN SUCURSAL PENSIONES,COMBUSTIBLES DE YUCATAN SA DE CV,468411,Comercio al por menor de gasolina y diesel,11 a 30 personas,20.99804002,-89.66368775,2010-07
31,Yucatán       ,050,Merida,Mérida,31050,2,II Noroeste ,1,Mérida,6280108,COMBUSTIBLES DE YUCATAN SUCURSAL TANLUM,COMBUSTIBLES DE YUCATAN SA DE CV,468411,Comercio al por menor de gasolina y diesel,11 a 30 personas,20.99737324,-89.62869342,2010-07
31,Yucatán       ,050,Merida,Mérida,31050,2,II Noroeste ,1,Mérida,8723803,COMBUSTIBLES DEL CARIBE,COMBUSTIBLES DEL CARIBE SA DE CV,468411,Comercio al por menor de gasolina y diesel,11 a 30 personas,21.03362091,-89.65565138,2019-11
31,Yucatán       ,061,Rio Lagartos,Río Lagartos,31061,5,V Noreste ,7402,Localidad Económica,4487680,COMBUSTIBLES DEL ORIENTE DE YUCATAN,COMBUSTIBLES DEL ORIENTE DE YUCATAN SA DE CV,468411,Comercio al por menor de gasolina y diesel,6 a 10 personas,21.58686222,-88.15603119,2010-07
31,Yucatán       ,102,Valladolid,Valladolid,31102,6,VI Oriente,1,Valladolid,4544195,COMBUSTIBLES DEL SUROESTE,COMBUSTIBLES DE SUROESTE SA DE CV,468411,Comercio al por menor de gasolina y diesel,11 a 30 personas,20.68944297,-88.18915799,2014-12
31,Yucatán       ,059,Progreso,Progreso,31059,2,II Noroeste ,1,Progreso,6886554,COMBUSTIBLES E IMAGEN,COMBUSTIBLES E IMAGEN SA DE CV,468411,Comercio al por menor de gasolina y diesel,6 a 10 personas,21.27546926,-89.70128906,2019-04
31,Yucatán       ,050,Merida,Mérida,31050,2,II Noroeste ,1,Mérida,6885520,COMBUSTIBLES E IMAGEN,COMBUSTIBLES E IMAGEN SA DE CV,468411,Comercio al por menor de gasolina y diesel,0 a 5 personas,21.00771153,-89.62372733,2019-04
31,Yucatán       ,050,Merida,Mérida,31050,2,II Noroeste ,1,Mérida,7976973,COMBUSTIBLES PENINSULARES DEL SURESTE SA DE CV,COMBUSTIBLES PENINSULARES DEL SURESTE SA DE CV,468411,Comercio al por menor de gasolina y diesel,0 a 5 personas,20.9808635,-89.61910407,2019-11
31,Yucatán       ,050,Merida,Mérida,31050,2,II Noroeste ,1,Mérida,8208317,"COMBUSTIBLES PLAZA FIESTA, S.A. DE C.V.",COMBUSTIBLES DE YUCATAN SA DE CV,468411,Comercio al por menor de gasolina y diesel,11 a 30 personas,21.00768028,-89.59058934,2019-11
31,Yucatán       ,028,Dzilam de Bravo,Dzilam de Bravo,31028,4,IV Litoral centro ,1,Dzilam de Bravo,6859900,COMBUSTIBLES PUERTO DE ABRIGO DZILAM DE BRAVO,COMBUSTIBLES PUERTO DE ABRIGO DZILAM DE BRAVO SA DE CV,468411,Comercio al por menor de gasolina y diesel,6 a 10 personas,21.39406944,-88.88595278,2019-04
31,Yucatán       ,050,Merida,Mérida,31050,2,II Noroeste ,1,Mérida,6414429,"COMBUSTIBLES Y LUBRICANTES AVILA CAMACHO, S.A. DE C.V.",COMBUSTIBLES Y LUBRICANTES AVILA CAMACHO SA DE CV,468411,Comercio al por menor de gasolina y diesel,11 a 30 personas,20.97435628,-89.58571601,2010-07
31,Yucatán       ,050,Merida,Mérida,31050,2,II Noroeste ,1,Mérida,6413694,COMBUSTIBLES Y LUBRICANTES DEL MAYAB,COMBUSTIBLES Y LUBRICANTES DEL MAYAB SA DE CV,468411,Comercio al por menor de gasolina y diesel,11 a 30 personas,20.99015881,-89.64901962,2010-07
31,Yucatán       ,038,Hunucma,Hunucmá,31038,1,I Poniente ,164,San Fernando,6799574,COMBUSTIBLES Y LUBRICANTES HUNUCMA,COMBUSTIBLES Y LUBRICANTES HUNUCMA SA DE CV,468411,Comercio al por menor de gasolina y diesel,6 a 10 personas,20.98005457,-89.8522574,2017-11
31,Yucatán       ,050,Merida,Mérida,31050,2,II Noroeste ,1,Mérida,4496602,COMBUSTIBLES Y LUBRICANTES MARIA LUISA,COMBUSTIBLE Y LUBRICANTES MARIA LUISA SA DE CV,468411,Comercio al por menor de gasolina y diesel,6 a 10 personas,20.93668252,-89.6044513,2010-07
31,Yucatán       ,059,Progreso,Progreso,31059,2,II Noroeste ,5,Chuburná,4573270,COMBUSTIBLES Y LUBRICANTES NARAHI,,468411,Comercio al por menor de gasolina y diesel,0 a 5 personas,21.2517142,-89.81765887,2010-07
31,Yucatán       ,050,Merida,Mérida,31050,2,II Noroeste ,1,Mérida,6280248,COMBUSTIBLES Y LUBRICANTES POLIFORUM,COMBUSTIBLES Y LUBRICANTES POLIFORUM SA DE CV,468411,Comercio al por menor de gasolina y diesel,31 a 50 personas,20.94453982,-89.59260497,2010-07
31,Yucatán       ,038,Hunucma,Hunucmá,31038,1,I Poniente ,4,Sisal,8634771,COMERCIO AL POR MENOR DE GASOLINA Y DIÉSEL,,468411,Comercio al por menor de gasolina y diesel,0 a 5 personas,21.16336021,-90.03137671,2019-11
31,Yucatán       ,070,Sucila,Sucilá,31070,5,V Noreste ,1,Sucilá,6875379,COMERCIO AL POR MENOR DE GASOLINA Y DIÉSEL,,468411,Comercio al por menor de gasolina y diesel,11 a 30 personas,21.15085133,-88.31833739,2019-04
31,Yucatán       ,083,Telchac Puerto,Telchac Puerto,31083,4,IV Litoral centro ,25,Santa Isabel,8673539,COMERCIO AL POR MENOR DE GASOLINA Y DIÉSEL,,468411,Comercio al por menor de gasolina y diesel,6 a 10 personas,21.33995749,-89.28994304,2019-11
31,Yucatán       ,050,Merida,Mérida,31050,2,II Noroeste ,1,Mérida,4575979,COMERCIO AL POR MENOR DE GASOLINA Y DIÉSEL,,468411,Comercio al por menor de gasolina y diesel,6 a 10 personas,21.00067365,-89.62193123,2010-07
31,Yucatán       ,101,Uman,Umán,31101,2,II Noroeste ,268,Efraín Lugo Galván [Gasolinera],8700164,COMERCIO AL POR MENOR DE GASOLINA Y DIÉSEL,,468411,Comercio al por menor de gasolina y diesel,0 a 5 personas,20.87825926,-89.77332611,2019-11
31,Yucatán       ,050,Merida,Mérida,31050,2,II Noroeste ,1,Mérida,4593248,COMERCIO AL POR MENOR DE GASOLINA Y DIÉSEL,GASOCOCOS SA DE CV,468411,Comercio al por menor de gasolina y diesel,0 a 5 personas,20.94443059,-89.62784585,2010-07
31,Yucatán       ,101,Uman,Umán,31101,2,II Noroeste ,1,Umán,4560396,COMERCIO AL POR MENOR DE GASOLINA Y DIÉSEL,,468411,Comercio al por menor de gasolina y diesel,11 a 30 personas,20.89262872,-89.73695914,2014-12
31,Yucatán       ,050,Merida,Mérida,31050,2,II Noroeste ,1,Mérida,9289905,COMERCIO DE CUPONES DE GASOLINA,COMERCIALIZADORA LAMOL SA DE CV,468411,Comercio al por menor de gasolina y diesel,0 a 5 personas,20.99165411,-89.62748061,2020-11
31,Yucatán       ,050,Merida,Mérida,31050,2,II Noroeste ,1,Mérida,4508901,CORPORACIÓN LA COMPLETA,CORPORACIÓN LA COMPLETA SA DE CV,468411,Comercio al por menor de gasolina y diesel,11 a 30 personas,21.02254108,-89.66003049,2012-06
31,Yucatán       ,050,Merida,Mérida,31050,2,II Noroeste ,1,Mérida,6877779,CORPORATIVO GASOLINERO DEL CARIBE  CANEK,CORPORATIVO GASOLINERO DEL CARIBE SA DE CV,468411,Comercio al por menor de gasolina y diesel,6 a 10 personas,20.97717022,-89.64334035,2019-04
31,Yucatán       ,050,Merida,Mérida,31050,2,II Noroeste ,1,Mérida,8683340,CORPORATIVO GASOLINERO DEL CARIBE CAUCEL,CORPORATIVO GASOLINERO DEL CARIBE SA DE CV,468411,Comercio al por menor de gasolina y diesel,11 a 30 personas,20.99776963,-89.67662077,2019-11
31,Yucatán       ,050,Merida,Mérida,31050,2,II Noroeste ,1,Mérida,8853711,CORPORATIVO GASOLINERO DEL CARIBE DZITYA,CORPORATIVO GASOLINERO DEL CARIBE SA DE CV,468411,Comercio al por menor de gasolina y diesel,11 a 30 personas,21.05802197,-89.6425703,2019-11
31,Yucatán       ,050,Merida,Mérida,31050,2,II Noroeste ,1,Mérida,6874410,CORPORATIVO GASOLINERO DEL CARIBE MELITON,CORPORATIVO GASOLINERO DEL CARIBE SA DE CV,468411,Comercio al por menor de gasolina y diesel,11 a 30 personas,20.94925823,-89.63693404,2019-04
31,Yucatán       ,052,Motul,Motul,31052,4,IV Litoral centro ,1,Motul de Carrillo Puerto,6874149,CORPORATIVO GASOLINERO DEL CARIBE MOTUL,CORPORATIVO GASOLINERO DEL CARIBE SA DE CV,468411,Comercio al por menor de gasolina y diesel,6 a 10 personas,21.11450244,-89.28206623,2019-04
31,Yucatán       ,050,Merida,Mérida,31050,2,II Noroeste ,1,Mérida,6874549,CORPORATIVO GASOLINERO DEL CARIBE SODZIL,CORPORATIVO GASOLINERO DEL CARIBE SA DE CV,468411,Comercio al por menor de gasolina y diesel,11 a 30 personas,21.04466281,-89.61560428,2019-04
31,Yucatán       ,101,Uman,Umán,31101,2,II Noroeste ,1,Umán,8764776,"CORPORATIVO GASOLINERO DEL CARIBE, S.A. DE C.V.",CORPORATIVO GASOLINERO DEL CARIBE SA DE CV,468411,Comercio al por menor de gasolina y diesel,11 a 30 personas,20.91876351,-89.70042176,2019-11
31,Yucatán       ,050,Merida,Mérida,31050,2,II Noroeste ,1,Mérida,8853713,"CORPORATIVO GASOLINERO DEL CARIBE, S.A. DE C.V.",CORPORATIVO GASOLINERO DEL CARIBE SA DE CV,468411,Comercio al por menor de gasolina y diesel,11 a 30 personas,20.92682711,-89.5990371,2019-11
31,Yucatán       ,050,Merida,Mérida,31050,2,II Noroeste ,1,Mérida,8208280,"CORPORATIVO GASOLINERO DEL CARIBE, S.A. DE C.V.",CORPORATIVO GASOLINERO DEL CARIBE SA DE CV,468411,Comercio al por menor de gasolina y diesel,11 a 30 personas,21.02625805,-89.63570023,2019-11
31,Yucatán       ,050,Merida,Mérida,31050,2,II Noroeste ,1,Mérida,8853712,"CORPORATIVO GASOLINERO DEL CARIBE, S.A. DE C.V.",CORPORATIVO GASOLINERO DEL CARIBE SA DE CV,468411,Comercio al por menor de gasolina y diesel,11 a 30 personas,20.95937646,-89.67603935,2019-11
31,Yucatán       ,038,Hunucma,Hunucmá,31038,1,I Poniente ,164,San Fernando,6861281,CR PETROQUÍMICA DE YUCATAN S.A. DE C.V,CR PETROQUIMICA DE YUCATAN SA DE CV,468411,Comercio al por menor de gasolina y diesel,6 a 10 personas,20.98018973,-89.85246873,2019-04
31,Yucatán       ,059,Progreso,Progreso,31059,2,II Noroeste ,1,Progreso,4573682,DIESEL YUCALPETEN,,468411,Comercio al por menor de gasolina y diesel,0 a 5 personas,21.27411915,-89.70525215,2010-07
31,Yucatán       ,080,Tekit,Tekit,31080,7,VII Sur ,1,Tekit,4556389,EL PASO,,468411,Comercio al por menor de gasolina y diesel,0 a 5 personas,20.53624213,-89.33572092,2014-12
31,Yucatán       ,041,Kanasin,Kanasín,31041,2,II Noroeste ,1,Kanasín,9322586,ENERGETICOS INTERNACIONALES,ENERGETICOS INTERNACIONALES SA DE CV,468411,Comercio al por menor de gasolina y diesel,11 a 30 personas,20.94479047,-89.56437333,2020-11
31,Yucatán       ,028,Dzilam de Bravo,Dzilam de Bravo,31028,4,IV Litoral centro ,1,Dzilam de Bravo,9285809,ESTACION 13128,PEDRO CASTILLO REYES ,468411,Comercio al por menor de gasolina y diesel,11 a 30 personas,21.39408357,-88.88578592,2020-11
31,Yucatán       ,050,Merida,Mérida,31050,2,II Noroeste ,1,Mérida,4580390,ESTACIÓN ABIMERHI,,468411,Comercio al por menor de gasolina y diesel,11 a 30 personas,20.96908583,-89.62534475,2010-07
31,Yucatán       ,050,Merida,Mérida,31050,2,II Noroeste ,1,Mérida,8939994,ESTACIÓN AEROPUERTO MERIDA,SERVICIOS GASOLINEROS DE MEXICO SA DE CV,468411,Comercio al por menor de gasolina y diesel,11 a 30 personas,20.93226363,-89.67374444,2019-11
31,Yucatán       ,050,Merida,Mérida,31050,2,II Noroeste ,1,Mérida,6873966,ESTACIÓN CHUBURNA,MEGASERVICIOS SA DE CV,468411,Comercio al por menor de gasolina y diesel,11 a 30 personas,21.02030296,-89.63524261,2019-04
31,Yucatán       ,013,Conkal,Conkal,31013,2,II Noroeste ,44,El Huero [Deshuesadero],8836333,ESTACIÓN CONKAL,MEGASERVICIOS SA DE CV,468411,Comercio al por menor de gasolina y diesel,0 a 5 personas,21.10085963,-89.51844749,2019-11
31,Yucatán       ,050,Merida,Mérida,31050,2,II Noroeste ,1,Mérida,4516086,ESTACIÓN DE SERVICIO  BOLICHE,ADMINISTRACION DE ESTACIONES DEL SURESTE SA DE CV,468411,Comercio al por menor de gasolina y diesel,6 a 10 personas,21.01538034,-89.60804977,2010-07
31,Yucatán       ,027,Dzidzantun,Dzidzantún,31027,4,IV Litoral centro ,1,Dzidzantún,4516074,ESTACIÓN DE SERVICIO  E00539 GASOLINERA SAN LUCAS,SERVICIO SAN LUCAS DE YUCATAN SA DE CV,468411,Comercio al por menor de gasolina y diesel,0 a 5 personas,21.24493419,-89.0465422,2010-07
31,Yucatán       ,096,Tizimin,Tizimín,31096,5,V Noreste ,1,Tizimín,4516096,ESTACIÓN DE SERVICIO  E00564,COMBUSTIBLES Y LUBRICANTES DE ORIENTE SA DE CV,468411,Comercio al por menor de gasolina y diesel,11 a 30 personas,21.14631677,-88.16042243,2014-12
31,Yucatán       ,050,Merida,Mérida,31050,2,II Noroeste ,1,Mérida,6413994,ESTACIÓN DE SERVICIO  E05584,COMBUSTIBLES Y LUBRICANTES DE MÉRIDA SA DE CV,468411,Comercio al por menor de gasolina y diesel,11 a 30 personas,20.9323187,-89.6736477,2011-03
31,Yucatán       ,041,Kanasin,Kanasín,31041,2,II Noroeste ,1,Kanasín,4516078,ESTACIÓN DE SERVICIO  E08037,,468411,Comercio al por menor de gasolina y diesel,6 a 10 personas,20.96508006,-89.55158845,2010-07
31,Yucatán       ,041,Kanasin,Kanasín,31041,2,II Noroeste ,1,Kanasín,4516079,ESTACIÓN DE SERVICIO  SAN IDELFONSO E11066,"ESTACIÓN DE SERVICIO SAN IDELFONSO, S.A. DE C . V. SA DE CV",468411,Comercio al por menor de gasolina y diesel,11 a 30 personas,20.95342589,-89.56448048,2014-12
31,Yucatán       ,032,Espita,Espita,31032,5,V Noreste ,1,Espita,4548650,ESTACION DE SERVICIO 10904,INMOBILIARIA MVC PENINSULAR SA DE CV,468411,Comercio al por menor de gasolina y diesel,11 a 30 personas,21.00785864,-88.29602583,2014-12
31,Yucatán       ,007,Cacalchen,Cacalchén,31007,4,IV Litoral centro ,1,Cacalchén,6862801,ESTACION DE SERVICIO 3HS,ESTACION DE SERVICIO 3HS SA DE CV,468411,Comercio al por menor de gasolina y diesel,6 a 10 personas,20.98502009,-89.23794028,2019-04
31,Yucatán       ,050,Merida,Mérida,31050,2,II Noroeste ,1,Mérida,4551696,ESTACION DE SERVICIO 5881,SERVICIOS GASOLINEROS DE MEXICO SA DE CV,468411,Comercio al por menor de gasolina y diesel,11 a 30 personas,20.93332574,-89.67221214,2014-12
31,Yucatán       ,050,Merida,Mérida,31050,2,II Noroeste ,1,Mérida,6856545,ESTACION DE SERVICIO CAUCEL,ESTACION DE SERVICIO CAUCEL SA DE CV,468411,Comercio al por menor de gasolina y diesel,11 a 30 personas,21.00083021,-89.68213229,2019-04
31,Yucatán       ,102,Valladolid,Valladolid,31102,6,VI Oriente,1,Valladolid,6415201,ESTACIÓN DE SERVICIO CHAN YAXCHE,,468411,Comercio al por menor de gasolina y diesel,6 a 10 personas,20.69297315,-88.17379742,2010-07
31,Yucatán       ,019,Chemax,Chemax,31019,6,VI Oriente,1,Chemax,6413658,ESTACIÓN DE SERVICIO CHEMAX,,468411,Comercio al por menor de gasolina y diesel,6 a 10 personas,20.6574338,-87.94835099,2010-07
31,Yucatán       ,096,Tizimin,Tizimín,31096,5,V Noreste ,8,Colonia Yucatán,6697954,ESTACIÓN DE SERVICIO COLONIA YUCATAN,CONSTRUCTORAS DE GASOLINERAS DEL MAYAB SA DE CV,468411,Comercio al por menor de gasolina y diesel,6 a 10 personas,21.20515072,-87.72350909,2016-01
31,Yucatán       ,058,Peto,Peto,31058,6,VI Oriente,1,Peto,4505534,ESTACION DE SERVICIO E00558 FULLGAS,SERVICIOS ECOLOGICOS RUINAS DE EDZNA SA DE CV,468411,Comercio al por menor de gasolina y diesel,11 a 30 personas,20.12718957,-88.92969679,2010-07
31,Yucatán       ,098,Tzucacab,Tzucacab,31098,7,VII Sur ,1,Tzucacab,4504300,ESTACION DE SERVICIO E00565 TZUCACAB FULL GAS,SERVICIOS ECOLOGICOS RUINAS DE EDZNA SA DE CV,468411,Comercio al por menor de gasolina y diesel,6 a 10 personas,20.07165796,-89.04381665,2010-07
31,Yucatán       ,050,Merida,Mérida,31050,2,II Noroeste ,1,Mérida,6223144,ESTACIÓN DE SERVICIO E07053,GRECIA SA DE CV,468411,Comercio al por menor de gasolina y diesel,11 a 30 personas,20.9565797,-89.6988156,2014-12
31,Yucatán       ,029,Dzilam Gonzalez,Dzilam González,31029,4,IV Litoral centro ,1,Dzilam González,4516075,ESTACIÓN DE SERVICIO E09737,COMBUSTIBLES CAREY SA DE CV,468411,Comercio al por menor de gasolina y diesel,6 a 10 personas,21.27932515,-88.9387517,2010-07
31,Yucatán       ,102,Valladolid,Valladolid,31102,6,VI Oriente,47,Ebtún,6415202,ESTACIÓN DE SERVICIO EBTUN,,468411,Comercio al por menor de gasolina y diesel,6 a 10 personas,20.66816074,-88.2570706,2010-07
31,Yucatán       ,096,Tizimin,Tizimín,31096,5,V Noreste ,9,El Cuyo,9324155,ESTACION DE SERVICIO EL CUYO,JOSE GABRIEL ESCALANTE Y SUCESORES S DE RL DE CV,468411,Comercio al por menor de gasolina y diesel,6 a 10 personas,21.51729521,-87.68686899,2020-11
31,Yucatán       ,102,Valladolid,Valladolid,31102,6,VI Oriente,1,Valladolid,4542583,ESTACIÓN DE SERVICIO EXPO FERIA,SERVICIO YUCATANENSE S DE RL DE CV,468411,Comercio al por menor de gasolina y diesel,6 a 10 personas,20.69378962,-88.21416475,2010-07
31,Yucatán       ,052,Motul,Motul,31052,4,IV Litoral centro ,1,Motul de Carrillo Puerto,9305485,ESTACION DE SERVICIO FULL GAS,SERVICIOS ECOLOGICOS MAYAPAN SA DE CV,468411,Comercio al por menor de gasolina y diesel,11 a 30 personas,21.09791993,-89.28426525,2020-11
31,Yucatán       ,040,Izamal,Izamal,31040,3,III Centro ,1,Izamal,4509073,ESTACION DE SERVICIO IZAMAL,ESTACIÓN DE SERVICIO IZAMAL SA DE CV,468411,Comercio al por menor de gasolina y diesel,11 a 30 personas,20.93348077,-89.02082014,2010-07
31,Yucatán       ,050,Merida,Mérida,31050,2,II Noroeste ,1,Mérida,4523764,ESTACIÓN DE SERVICIO JP SEGUNDO S.A DE C.V.,ESTACION DE SERVICIO JP SEGUNDO SA DE CV,468411,Comercio al por menor de gasolina y diesel,6 a 10 personas,20.96865034,-89.6774599,2010-07
31,Yucatán       ,041,Kanasin,Kanasín,31041,2,II Noroeste ,314,Familia Magaña,8296922,ESTACIÓN DE SERVICIO KANASIN,ENERMAYAB SA DE CV,468411,Comercio al por menor de gasolina y diesel,0 a 5 personas,20.90549163,-89.50805606,2019-11
31,Yucatán       ,041,Kanasin,Kanasín,31041,2,II Noroeste ,1,Kanasín,6857993,ESTACIÓN DE SERVICIO LOS HEROES,COMBUSTIBLES Y LUBRICANTES CHICHI SUAREZ SA DE CV,468411,Comercio al por menor de gasolina y diesel,6 a 10 personas,20.98177095,-89.55345584,2019-04
31,Yucatán       ,050,Merida,Mérida,31050,2,II Noroeste ,1,Mérida,6223810,ESTACIÓN DE SERVICIO NUEVA MAYAPAN,ESTACIÓN DE SERVICIO NUEVA MAYAPAN SA DE CV,468411,Comercio al por menor de gasolina y diesel,11 a 30 personas,20.97748203,-89.59618348,2010-07
31,Yucatán       ,056,Oxkutzcab,Oxkutzcab,31056,7,VII Sur ,1,Oxkutzcab,6722720,ESTACIÓN DE SERVICIO OXKUTZCAB II,AUTOSERVICIO YUCATAN SA DE CV,468411,Comercio al por menor de gasolina y diesel,6 a 10 personas,20.30716521,-89.41631714,2016-01
31,Yucatán       ,050,Merida,Mérida,31050,2,II Noroeste ,1,Mérida,6729477,ESTACIÓN DE SERVICIO PACABTUN  E08681,ESTACION DE SERVICIO PACABTUN SA DE CV,468411,Comercio al por menor de gasolina y diesel,11 a 30 personas,20.96464251,-89.58313264,2016-01
31,Yucatán       ,057,Panaba,Panabá,31057,5,V Noreste ,1,Panabá,4488051,ESTACION DE SERVICIO PANABA,,468411,Comercio al por menor de gasolina y diesel,0 a 5 personas,21.29318151,-88.27079396,2010-07
31,Yucatán       ,050,Merida,Mérida,31050,2,II Noroeste ,1,Mérida,6414410,ESTACION DE SERVICIO PEPETO,,468411,Comercio al por menor de gasolina y diesel,6 a 10 personas,20.98196274,-89.61260156,2010-07
31,Yucatán       ,009,Cansahcab,Cansahcab,31009,4,IV Litoral centro ,1,Cansahcab,6414795,ESTACIÓN DE SERVICIO PEPETO SUCURSAL CANSAHCAB,,468411,Comercio al por menor de gasolina y diesel,6 a 10 personas,21.14235984,-89.10516104,2014-12
31,Yucatán       ,050,Merida,Mérida,31050,2,II Noroeste ,1,Mérida,6414493,ESTACION DE SERVICIO PERIFERICO NORTE,ESTACION DE SERVICIO PERIFERICO NORTE SA DE CV,468411,Comercio al por menor de gasolina y diesel,31 a 50 personas,21.03937069,-89.60131704,2010-07
31,Yucatán       ,050,Merida,Mérida,31050,2,II Noroeste ,1,Mérida,4586927,ESTACION DE SERVICIO PERIFERICO SUR,ESTACIÓN DE SERVICIO PERIFÉRICO SUR SA DE CV,468411,Comercio al por menor de gasolina y diesel,6 a 10 personas,20.94277409,-89.64860428,2010-07
31,Yucatán       ,091,Tinum,Tinum,31091,6,VI Oriente,144,Estación de Servicio Pisté [Gasolinera],9324142,ESTACION DE SERVICIO PISTE,ELDA MARÍA GASQUE CASARES ,468411,Comercio al por menor de gasolina y diesel,6 a 10 personas,20.69961833,-88.59939083,2020-11
31,Yucatán       ,102,Valladolid,Valladolid,31102,6,VI Oriente,1,Valladolid,6415471,ESTACION DE SERVICIO SACIABIL,,468411,Comercio al por menor de gasolina y diesel,6 a 10 personas,20.67181582,-88.20498981,2010-07
31,Yucatán       ,065,San Felipe,San Felipe,31065,5,V Noreste ,1,San Felipe,4516093,ESTACIÓN DE SERVICIO SAN FELIPE  E04822,ESTACIÓN DE SERVICIO SAN FELIPE SA DE CV,468411,Comercio al por menor de gasolina y diesel,6 a 10 personas,21.55726219,-88.2341653,2010-07
31,Yucatán       ,050,Merida,Mérida,31050,2,II Noroeste ,1,Mérida,4535947,ESTACIÓN DE SERVICIO SIDERURGICA,ESTACION DE SERVICIO SIDERURGICA ,468411,Comercio al por menor de gasolina y diesel,11 a 30 personas,21.04410318,-89.62913252,2014-12
31,Yucatán       ,050,Merida,Mérida,31050,2,II Noroeste ,1,Mérida,6880700,ESTACION DE SERVICIO TEMOZON,ENERMAYAB SA DE CV,468411,Comercio al por menor de gasolina y diesel,6 a 10 personas,21.05963793,-89.61322898,2019-04
31,Yucatán       ,050,Merida,Mérida,31050,2,II Noroeste ,1,Mérida,8940673,ESTACION DE SERVICIO TEMOZON NORTE,ESTACION DE SERVICIO TEMOZON NORTE SA DE CV,468411,Comercio al por menor de gasolina y diesel,11 a 30 personas,21.05984174,-89.63108262,2019-11
31,Yucatán       ,096,Tizimin,Tizimín,31096,5,V Noreste ,1,Tizimín,4547538,"ESTACIÓN DE SERVICIO TIZIMIN, S.A. DE C.V.",MULTISERVICIO TIZIMIN SA DE CV,468411,Comercio al por menor de gasolina y diesel,6 a 10 personas,21.14308649,-88.14796906,2014-12
31,Yucatán       ,101,Uman,Umán,31101,2,II Noroeste ,1,Umán,4559965,ESTACION DE SERVICIO UMAN S DE RL,SERVICIOS ECOLOGICOS DE YUCATAN S DE RL DE CV,468411,Comercio al por menor de gasolina y diesel,6 a 10 personas,20.90768746,-89.7179953,2014-12
31,Yucatán       ,050,Merida,Mérida,31050,2,II Noroeste ,1,Mérida,6238820,ESTACION DE SERVICIO VISTA ALEGRE,ESTACIÓN DE SERVICIO VISTA ALEGRE SA DE CV,468411,Comercio al por menor de gasolina y diesel,11 a 30 personas,21.02220322,-89.57672267,2010-07
31,Yucatán       ,102,Valladolid,Valladolid,31102,6,VI Oriente,1,Valladolid,6413183,ESTACION DE SERVICIO ZACI,,468411,Comercio al por menor de gasolina y diesel,6 a 10 personas,20.71058534,-88.2026955,2010-07
31,Yucatán       ,050,Merida,Mérida,31050,2,II Noroeste ,84,Cholul,6874547,ESTACIÓN DE SERVICIOS ABIMERHI CHOLUL,,468411,Comercio al por menor de gasolina y diesel,11 a 30 personas,21.0334573,-89.55460506,2019-04
31,Yucatán       ,041,Kanasin,Kanasín,31041,2,II Noroeste ,1,Kanasín,8737527,ESTACIÓN DE SERVICIOS ABIMERHI KANASIN,,468411,Comercio al por menor de gasolina y diesel,11 a 30 personas,20.95500885,-89.56734721,2019-11
31,Yucatán       ,050,Merida,Mérida,31050,2,II Noroeste ,135,Xcanatún,8656249,ESTACIÓN DE SERVICIOS ABIMERHI PROGRESO,,468411,Comercio al por menor de gasolina y diesel,11 a 30 personas,21.08199638,-89.63550711,2019-11
31,Yucatán       ,050,Merida,Mérida,31050,2,II Noroeste ,1019,Chaactún,8700131,ESTACIÓN DE SERVICIOS LAS PALMAS,ESTACION DE SERVICIOS LAS PALMAS SA DE CV,468411,Comercio al por menor de gasolina y diesel,11 a 30 personas,21.10389641,-89.62537435,2019-11
31,Yucatán       ,050,Merida,Mérida,31050,2,II Noroeste ,1,Mérida,6280096,ESTACION DE SERVICIOS PONIENTE,ESTACION DE SERVICIOS PONIENTE SA DE CV,468411,Comercio al por menor de gasolina y diesel,11 a 30 personas,20.99205034,-89.65165283,2010-07
31,Yucatán       ,050,Merida,Mérida,31050,2,II Noroeste ,1,Mérida,6875268,ESTACION JARDINES,SERVICIO JARDINES SA DE CV,468411,Comercio al por menor de gasolina y diesel,11 a 30 personas,21.02025066,-89.56744434,2019-04
31,Yucatán       ,050,Merida,Mérida,31050,2,II Noroeste ,1,Mérida,4516084,ESTACION MAYA,SERVICIOS ECOLOGICOS CORREDOR TURISTICO SA DE CV,468411,Comercio al por menor de gasolina y diesel,31 a 50 personas,21.05765798,-89.6314316,2014-12
31,Yucatán       ,050,Merida,Mérida,31050,2,II Noroeste ,1,Mérida,9251101,ESTACION MERIDA,SERVICIOS GASOLINEROS DE MEXICO SA DE CV,468411,Comercio al por menor de gasolina y diesel,11 a 30 personas,20.98097506,-89.5887754,2020-04
31,Yucatán       ,056,Oxkutzcab,Oxkutzcab,31056,7,VII Sur ,1,Oxkutzcab,6856470,ESTACION OXKUTZCAB,MEGASERVICIOS SA DE CV,468411,Comercio al por menor de gasolina y diesel,6 a 10 personas,20.30056137,-89.41007247,2019-04
31,Yucatán       ,002,Acanceh,Acanceh,31002,2,II Noroeste ,61,Mega Servicios [Gasolinera],6875388,ESTACIÓN TEPICH,MEGASERVICIOS SA DE CV,468411,Comercio al por menor de gasolina y diesel,6 a 10 personas,20.86361194,-89.49203278,2019-04
31,Yucatán       ,050,Merida,Mérida,31050,2,II Noroeste ,1,Mérida,8192617,ESTACION TIXCACAL,SERVICIO JARDINES SA DE CV,468411,Comercio al por menor de gasolina y diesel,11 a 30 personas,20.94859893,-89.68652633,2019-11
31,Yucatán       ,101,Uman,Umán,31101,2,II Noroeste ,1,Umán,9288780,ESTACIÓN UMÁN,SERVICIOS SAN NICOLAS S.A. DE C.V. ,468411,Comercio al por menor de gasolina y diesel,6 a 10 personas,20.89834739,-89.7285697,2020-11
31,Yucatán       ,102,Valladolid,Valladolid,31102,6,VI Oriente,1,Valladolid,6413649,ESTACION VALLADOLID,SERVICIOS ECOLOGICOS DE YUCATAN SC DE RL DE CV,468411,Comercio al por menor de gasolina y diesel,0 a 5 personas,20.69064,-88.21856672,2010-07
31,Yucatán       ,050,Merida,Mérida,31050,2,II Noroeste ,1,Mérida,6875269,ESTACIONES DE SERVICIO DEL MAYAB S.A DE C.V. ES11818 SIIC:115938,ESTACIONES DE SERVICIO DEL MAYAB SA DE CV,468411,Comercio al por menor de gasolina y diesel,6 a 10 personas,20.98901657,-89.59565644,2019-04
31,Yucatán       ,056,Oxkutzcab,Oxkutzcab,31056,7,VII Sur ,129,Río Verde,6868807,ESTACIONES DE SERVICIO DEL MAYAB S.A. DE C.V. ES100034 SIIC:114154,ESTACIONES DE SERVICIO DEL MAYAB SA DE CV,468411,Comercio al por menor de gasolina y diesel,6 a 10 personas,20.28870343,-89.38781583,2019-04
31,Yucatán       ,050,Merida,Mérida,31050,2,II Noroeste ,1,Mérida,6882057,ESTACIONES DE SERVICIO DEL MAYAB S.A. DE C.V. ES7785 SIIC:111905,ESTACIONES DE SERVICIO DEL MAYAB SA DE CV,468411,Comercio al por menor de gasolina y diesel,6 a 10 personas,20.99158915,-89.56200503,2019-04
31,Yucatán       ,002,Acanceh,Acanceh,31002,2,II Noroeste ,1,Acanceh,8700169,ESTACIONES DE SERVICIO DEL MAYAB SA DE CV ES10860 SIIC:114980,ESTACIONES DE SERVICIO DEL MAYAB SA DE CV,468411,Comercio al por menor de gasolina y diesel,11 a 30 personas,20.82252522,-89.46582954,2019-11
31,Yucatán       ,076,Tecoh,Tecoh,31076,2,II Noroeste ,1,Tecoh,8208324,ESTACIONES DE SERVICIO DEL MAYAB SA DE CV ES13432 SIIC: 117552,ESTACIONES DE SERVICIO DEL MAYAB SA DE CV,468411,Comercio al por menor de gasolina y diesel,6 a 10 personas,20.7463558,-89.47325434,2019-11
31,Yucatán       ,089,Ticul,Ticul,31089,7,VII Sur ,1,Ticul,8700168,ESTACIONES DE SERVICIO DEL MAYAB SA DE CV ES9670 SIIC:113790,ESTACIONES DE SERVICIO DEL MAYAB SA DE CV,468411,Comercio al por menor de gasolina y diesel,11 a 30 personas,20.38496944,-89.52835451,2019-11
31,Yucatán       ,056,Oxkutzcab,Oxkutzcab,31056,7,VII Sur ,129,Río Verde,8208334,"ESTACIONES DE SERVICIO DEL MAYAB, S.A. DE C.V. ES3096 SIIC:107632",ESTACIONES DE SERVICIO DEL MAYAB SA DE CV,468411,Comercio al por menor de gasolina y diesel,6 a 10 personas,20.28886871,-89.38800243,2019-11
31,Yucatán       ,079,Tekax,Tekax,31079,7,VII Sur ,228,San Lorenzo,8208323,"ESTACIONES DE SERVICIO DEL MAYAB, S.A. DE C.V. ES9929 SIIC:114049",ESTACIONES DE SERVICIO DEL MAYAB SA DE CV,468411,Comercio al por menor de gasolina y diesel,11 a 30 personas,20.30643,-89.25426,2019-11
31,Yucatán       ,076,Tecoh,Tecoh,31076,2,II Noroeste ,1,Tecoh,4491504,EXPENDIO ACEITES Y LUBRICANTES,,468411,Comercio al por menor de gasolina y diesel,0 a 5 personas,20.74767453,-89.47300354,2010-07
31,Yucatán       ,050,Merida,Mérida,31050,2,II Noroeste ,1,Mérida,4513125,EXPENDIO DE ACEITES Y LUBRICANTES LEO,,468411,Comercio al por menor de gasolina y diesel,0 a 5 personas,20.9039077,-89.61881833,2010-07
31,Yucatán       ,002,Acanceh,Acanceh,31002,2,II Noroeste ,1,Acanceh,4494053,"EXPENDIO DE ADITIVOS,LUBRICANTES Y ACCESORIOS EL CAMIONERO",,468411,Comercio al por menor de gasolina y diesel,0 a 5 personas,20.81247475,-89.44934798,2010-07
31,Yucatán       ,072,Suma,Suma,31072,4,IV Litoral centro ,1,Suma,4530905,EXPENDIO DE GASOLINA,,468411,Comercio al por menor de gasolina y diesel,0 a 5 personas,21.08865566,-89.14485571,2014-12
31,Yucatán       ,066,Santa Elena,Santa Elena,31066,7,VII Sur ,1,Santa Elena,4515821,EXPENDIO DE GASOLINA EL CARMIN,,468411,Comercio al por menor de gasolina y diesel,0 a 5 personas,20.32765015,-89.65098802,2010-07
31,Yucatán       ,069,Sotuta,Sotuta,31069,6,VI Oriente,1,Sotuta,4498677,EXPENDIO DE GASOLINA SANTUARIO,,468411,Comercio al por menor de gasolina y diesel,0 a 5 personas,20.5964267,-89.00541326,2010-07
31,Yucatán       ,062,Sacalum,Sacalum,31062,7,VII Sur ,1,Sacalum,4516304,EXPENDIO DE GASOLINA SIN NOMBRE,,468411,Comercio al por menor de gasolina y diesel,0 a 5 personas,20.4979325,-89.5896864,2010-07
31,Yucatán       ,029,Dzilam Gonzalez,Dzilam González,31029,4,IV Litoral centro ,1,Dzilam González,4490397,EXPENDIO DE LUBRICANTES Y ACEITE,,468411,Comercio al por menor de gasolina y diesel,0 a 5 personas,21.27900745,-88.92766972,2010-07
31,Yucatán       ,050,Merida,Mérida,31050,2,II Noroeste ,1,Mérida,4592064,EXPENDIO DE LUBRICANTES Y COMBUSTIBLE DURAN,,468411,Comercio al por menor de gasolina y diesel,0 a 5 personas,20.9531376,-89.6022786,2010-07
31,Yucatán       ,050,Merida,Mérida,31050,2,II Noroeste ,1,Mérida,9323801,FOMENTO GASOLINERO LAS AMERICAS,FOMENTO GASOLINERO SA DE CV,468411,Comercio al por menor de gasolina y diesel,11 a 30 personas,21.06719167,-89.64420421,2020-11
31,Yucatán       ,050,Merida,Mérida,31050,2,II Noroeste ,1,Mérida,6874411,FOMENTO GASOLINERO PERIFERICO 50,FOMENTO GASOLINERO SA DE CV,468411,Comercio al por menor de gasolina y diesel,11 a 30 personas,20.91433035,-89.61701282,2019-04
31,Yucatán       ,050,Merida,Mérida,31050,2,II Noroeste ,529,El Tentemozo,8700098,FOMENTO GASOLINERO WALKER,FOMENTO GASOLINERO SA DE CV,468411,Comercio al por menor de gasolina y diesel,11 a 30 personas,20.93967298,-89.69753709,2019-11
31,Yucatán       ,059,Progreso,Progreso,31059,2,II Noroeste ,1,Progreso,6885124,FOMENTO GASOLINERO YUCALPETEN,FOMENTO GASOLINERO SA DE CV,468411,Comercio al por menor de gasolina y diesel,11 a 30 personas,21.27652624,-89.69309176,2019-04
31,Yucatán       ,050,Merida,Mérida,31050,2,II Noroeste ,1,Mérida,9327198,FULL GAS,SERVICIOS ECOLOGICOS DE YUCATAN ,468411,Comercio al por menor de gasolina y diesel,6 a 10 personas,21.05618678,-89.63119732,2020-11
31,Yucatán       ,041,Kanasin,Kanasín,31041,2,II Noroeste ,1,Kanasín,9283010,GAS Z,GAS Z DE SA DE CV ,468411,Comercio al por menor de gasolina y diesel,11 a 30 personas,20.93058292,-89.56538498,2020-11
31,Yucatán       ,047,Mani,Maní,31047,7,VII Sur ,1,Maní,4556119,GASILINA SIN NOMBRE,,468411,Comercio al por menor de gasolina y diesel,0 a 5 personas,20.38714371,-89.39020587,2014-12
31,Yucatán       ,050,Merida,Mérida,31050,2,II Noroeste ,1,Mérida,9282301,GASOLIERA PEMEX ES13611,PETROMAYAB SA DE CV,468411,Comercio al por menor de gasolina y diesel,11 a 30 personas,20.98215795,-89.54728187,2020-11
31,Yucatán       ,041,Kanasin,Kanasín,31041,2,II Noroeste ,1,Kanasín,9297764,GASOLINERA,KANASIN ,468411,Comercio al por menor de gasolina y diesel,11 a 30 personas,20.92465291,-89.58134346,2020-11
31,Yucatán       ,050,Merida,Mérida,31050,2,II Noroeste ,1,Mérida,9311205,GASOLINERA,GASOLINERA SA DE CV,468411,Comercio al por menor de gasolina y diesel,0 a 5 personas,20.94785621,-89.68674418,2020-11
31,Yucatán       ,050,Merida,Mérida,31050,2,II Noroeste ,1,Mérida,6223326,GASOLINERA,SERVICIOS ECOLOGICOS DE YUCATAN S DE RL DE CV,468411,Comercio al por menor de gasolina y diesel,6 a 10 personas,21.00842327,-89.63196172,2010-07
31,Yucatán       ,050,Merida,Mérida,31050,2,II Noroeste ,1,Mérida,6223645,GASOLINERA,SERVICIO GLORIETA SAN FERNANDO SA DE CV,468411,Comercio al por menor de gasolina y diesel,11 a 30 personas,20.98761964,-89.61954664,2010-07
31,Yucatán       ,050,Merida,Mérida,31050,2,II Noroeste ,1,Mérida,6765590,GASOLINERA 12857,SC PETROQUIMICA SA DE CV,468411,Comercio al por menor de gasolina y diesel,11 a 30 personas,21.03621209,-89.59463603,2016-10
31,Yucatán       ,011,Celestun,Celestún,31011,1,I Poniente ,1,Celestún,6223795,GASOLINERA 4914,ESTACIÓN DE SERVICIOS DE SISAL SA DE CV,468411,Comercio al por menor de gasolina y diesel,6 a 10 personas,20.84909625,-90.40151595,2010-07
31,Yucatán       ,050,Merida,Mérida,31050,2,II Noroeste ,1,Mérida,4583544,GASOLINERA ABOL ESTACIONES Y SERVICIO,ABOL ESTACIONES DE SERVICIO SA DE CV,468411,Comercio al por menor de gasolina y diesel,6 a 10 personas,21.00478007,-89.58503542,2010-07
31,Yucatán       ,102,Valladolid,Valladolid,31102,6,VI Oriente,682,Figueroa Martínez [Gasolinera],9252354,GASOLINERA ALCAENERGETICA,ALCAENERGETICA SA DE CV,468411,Comercio al por menor de gasolina y diesel,11 a 30 personas,20.69865472,-88.13533889,2020-04
31,Yucatán       ,080,Tekit,Tekit,31080,7,VII Sur ,1,Tekit,8577087,GASOLINERA ARCO GOMEZ FARÍAS,CORPORATIVO ENERVISION SAPI DE CV,468411,Comercio al por menor de gasolina y diesel,6 a 10 personas,20.53366247,-89.33327828,2019-11
31,Yucatán       ,050,Merida,Mérida,31050,2,II Noroeste ,75,Caucel,4583314,GASOLINERA COMBUSTIBLES PERIFERICO SUR,COMBUSTIBLES PERIFÉRICO SUR SA DE CV,468411,Comercio al por menor de gasolina y diesel,11 a 30 personas,21.00666838,-89.69155452,2010-07
31,Yucatán       ,050,Merida,Mérida,31050,2,II Noroeste ,1,Mérida,4583898,GASOLINERA COMBUSTIBLES Y LUBRICANTES BRISAS S.A DE C.V,COMBUSTIBLES Y LUBRICANTES BRISAS SA DE CV,468411,Comercio al por menor de gasolina y diesel,6 a 10 personas,20.99265984,-89.58430349,2010-07
31,Yucatán       ,102,Valladolid,Valladolid,31102,6,VI Oriente,1,Valladolid,6413639,GASOLINERA DE ALCOCER,,468411,Comercio al por menor de gasolina y diesel,11 a 30 personas,20.68969786,-88.20515218,2010-07
31,Yucatán       ,059,Progreso,Progreso,31059,2,II Noroeste ,3,Chelem,8812947,GASOLINERA DE CHELEM,GASOLINERA DE CHELEM SA DE CV,468411,Comercio al por menor de gasolina y diesel,11 a 30 personas,21.27081424,-89.73382516,2019-11
31,Yucatán       ,093,Tixkokob,Tixkokob,31093,2,II Noroeste ,1,Tixkokob,8835978,GASOLINERA DE CHELEM SA DE CV,GASOLINERA DE CHELEM SA DE CV,468411,Comercio al por menor de gasolina y diesel,11 a 30 personas,21.01241026,-89.39693898,2019-11
31,Yucatán       ,050,Merida,Mérida,31050,2,II Noroeste ,1,Mérida,4537582,GASOLINERA DE LA FLORIDA,COMBUSTIBLES Y LUBRICANTES LA FLORIDA SA DE CV,468411,Comercio al por menor de gasolina y diesel,11 a 30 personas,21.01060613,-89.57462169,2014-12
31,Yucatán       ,050,Merida,Mérida,31050,2,II Noroeste ,1,Mérida,4577676,GASOLINERA DE MERIDA,GASOLINERA DE MÉRIDA SA DE CV,468411,Comercio al por menor de gasolina y diesel,11 a 30 personas,20.99738704,-89.62147778,2010-07
31,Yucatán       ,050,Merida,Mérida,31050,2,II Noroeste ,1,Mérida,4576138,GASOLINERA DE SANTANA,,468411,Comercio al por menor de gasolina y diesel,6 a 10 personas,20.97538222,-89.62049744,2010-07
31,Yucatán       ,083,Telchac Puerto,Telchac Puerto,31083,4,IV Litoral centro ,1,Telchac Puerto,4516095,GASOLINERA DE TELCHAC PUERTO ESTACIÓN DE SERVICIO  E03942,GAS TELCHAC SA DE CV,468411,Comercio al por menor de gasolina y diesel,0 a 5 personas,21.33997266,-89.30681644,2010-07
31,Yucatán       ,050,Merida,Mérida,31050,2,II Noroeste ,1,Mérida,6467021,GASOLINERA ESTACIÓN 11493,COMBUSTIBLES Y LUBRICANTES ESCALA  SA DE CV,468411,Comercio al por menor de gasolina y diesel,11 a 30 personas,20.90182273,-89.6363704,2010-07
31,Yucatán       ,028,Dzilam de Bravo,Dzilam de Bravo,31028,4,IV Litoral centro ,1,Dzilam de Bravo,4490511,GASOLINERA ESTACION 3093,,468411,Comercio al por menor de gasolina y diesel,6 a 10 personas,21.39164681,-88.89178842,2010-07
31,Yucatán       ,050,Merida,Mérida,31050,2,II Noroeste ,1,Mérida,6414368,GASOLINERA ESTACION 3441,ESTACION DE SERVICIO JACINTO CANEK SA DE CV,468411,Comercio al por menor de gasolina y diesel,11 a 30 personas,20.99125304,-89.66655392,2010-07
31,Yucatán       ,101,Uman,Umán,31101,2,II Noroeste ,1,Umán,4516097,GASOLINERA ESTACIÓN DE SERVICIO  E09269,SERVICIO EL ROBLE SA DE CV,468411,Comercio al por menor de gasolina y diesel,6 a 10 personas,20.91488734,-89.68316286,2010-07
31,Yucatán       ,041,Kanasin,Kanasín,31041,2,II Noroeste ,1,Kanasín,9285309,GASOLINERA G 500,GRUPO GASOLINERA G 500 ,468411,Comercio al por menor de gasolina y diesel,11 a 30 personas,20.94159231,-89.57372003,2020-11
31,Yucatán       ,050,Merida,Mérida,31050,2,II Noroeste ,1,Mérida,9305612,GASOLINERA G500,GASOLOINERA SA DE CV,468411,Comercio al por menor de gasolina y diesel,11 a 30 personas,20.99159463,-89.66342201,2020-11
31,Yucatán       ,038,Hunucma,Hunucmá,31038,1,I Poniente ,1,Hunucmá,9306773,GASOLINERA G500,JP SEGUNDO SA DE CV,468411,Comercio al por menor de gasolina y diesel,6 a 10 personas,21.01249875,-89.86917164,2020-11
31,Yucatán       ,050,Merida,Mérida,31050,2,II Noroeste ,1,Mérida,6280386,GASOLINERA GRUPO MASAGO,GRUPO MASAGO S DE RL DE CV,468411,Comercio al por menor de gasolina y diesel,11 a 30 personas,20.96944193,-89.68991161,2010-07
31,Yucatán       ,050,Merida,Mérida,31050,2,II Noroeste ,1,Mérida,9296744,GASOLINERA KOHUNLICH,GASOLINERA KOHUNLICH ,468411,Comercio al por menor de gasolina y diesel,0 a 5 personas,20.97297193,-89.62132785,2020-11
31,Yucatán       ,050,Merida,Mérida,31050,2,II Noroeste ,1,Mérida,8305096,GASOLINERA LA GAS,CORPORATIVO REGIONAL GASOLINERO SA DE CV,468411,Comercio al por menor de gasolina y diesel,11 a 30 personas,20.97099443,-89.66371627,2019-11
31,Yucatán       ,062,Sacalum,Sacalum,31062,7,VII Sur ,1,Sacalum,9269328,GASOLINERA LOS 2 HERMANOS,,468411,Comercio al por menor de gasolina y diesel,0 a 5 personas,20.49138725,-89.58926589,2020-11
31,Yucatán       ,050,Merida,Mérida,31050,2,II Noroeste ,1,Mérida,6751620,GASOLINERA LOS COCOS,GASOCOCOS SA DE CV,468411,Comercio al por menor de gasolina y diesel,6 a 10 personas,20.94442736,-89.62787319,2016-10
31,Yucatán       ,093,Tixkokob,Tixkokob,31093,2,II Noroeste ,1,Tixkokob,4510801,GASOLINERA PASOS,GASOLINERA PASOS SA DE CV,468411,Comercio al por menor de gasolina y diesel,11 a 30 personas,21.00144463,-89.38482766,2010-07
31,Yucatán       ,050,Merida,Mérida,31050,2,II Noroeste ,1,Mérida,4518523,GASOLINERA PEMEX,LUBRICANTES Y COMBUSTIBLES DE MONTEJO SA DE CV,468411,Comercio al por menor de gasolina y diesel,11 a 30 personas,21.03152871,-89.64578279,2014-12
31,Yucatán       ,050,Merida,Mérida,31050,2,II Noroeste ,1,Mérida,9282665,GASOLINERA PEMEX,SERVICIO METROPOLITANO CAUCEL SA DE CV,468411,Comercio al por menor de gasolina y diesel,11 a 30 personas,20.98740627,-89.7020434,2020-11
31,Yucatán       ,038,Hunucma,Hunucmá,31038,1,I Poniente ,1,Hunucmá,6223429,GASOLINERA PEMEX CUALLI 11782,AUTOSERVICIO YUCATAN SA DE CV,468411,Comercio al por menor de gasolina y diesel,6 a 10 personas,21.01265827,-89.86945059,2010-07
31,Yucatán       ,050,Merida,Mérida,31050,2,II Noroeste ,1,Mérida,6413459,GASOLINERA SERVICIO CAMPESTRE,ESTACIÓN DE SERVICIO CAMPESTRE SA DE CV,468411,Comercio al por menor de gasolina y diesel,11 a 30 personas,21.0260149,-89.62422038,2010-07
31,Yucatán       ,050,Merida,Mérida,31050,2,II Noroeste ,1,Mérida,4579778,GASOLINERA SERVICIO LOPEZ,GASOLINERA SERVICIO LOPEZ SA DE CV,468411,Comercio al por menor de gasolina y diesel,11 a 30 personas,20.9631037,-89.62642817,2010-07
31,Yucatán       ,050,Merida,Mérida,31050,2,II Noroeste ,1,Mérida,6413497,GASOLINERA SERVICIO ORIENTE,GASOLINERA SERVICIO ORIENTE  SA DE CV,468411,Comercio al por menor de gasolina y diesel,11 a 30 personas,20.96018178,-89.57747822,2010-07
31,Yucatán       ,050,Merida,Mérida,31050,2,II Noroeste ,1,Mérida,6414391,GASOLINERA SERVICIOS TAC MERIDA,SERVICIOS TAC SA DE CV,468411,Comercio al por menor de gasolina y diesel,6 a 10 personas,20.95783279,-89.64260544,2010-07
31,Yucatán       ,050,Merida,Mérida,31050,2,II Noroeste ,1,Mérida,4516081,GASOLINERA SIN NOMBRE,DIESELERA DE MERIDA ,468411,Comercio al por menor de gasolina y diesel,11 a 30 personas,21.02607288,-89.56178298,2010-07
31,Yucatán       ,050,Merida,Mérida,31050,2,II Noroeste ,1,Mérida,4520514,GASOLINERA TANLUM,SERVICIOS HIDASA SA DE CV,468411,Comercio al por menor de gasolina y diesel,6 a 10 personas,20.99813347,-89.62635219,2014-12
31,Yucatán       ,041,Kanasin,Kanasín,31041,2,II Noroeste ,1,Kanasín,6737557,GASOLINERIA KANASIN,SERVICIOS ECOLOGICOS DE KANASIN SA DE CV,468411,Comercio al por menor de gasolina y diesel,6 a 10 personas,20.92482194,-89.58153431,2016-10
31,Yucatán       ,038,Hunucma,Hunucmá,31038,1,I Poniente ,1,Hunucmá,9306405,GASOLINERIA LAGAS,SERVICIO HUNUCMA SA DE CV,468411,Comercio al por menor de gasolina y diesel,11 a 30 personas,21.02671463,-89.8525109,2020-11
31,Yucatán       ,050,Merida,Mérida,31050,2,II Noroeste ,1,Mérida,6720560,GASOLINERIA MAGNOLIAS ESTACIÓN DE SERVICIO 12113,IMPULSO PENINSULAR SA DE CV,468411,Comercio al por menor de gasolina y diesel,11 a 30 personas,21.0213671,-89.65972217,2016-01
31,Yucatán       ,053,Muna,Muna,31053,7,VII Sur ,1,Muna,6416587,GASOLINERIA SERVICIOS LARA,,468411,Comercio al por menor de gasolina y diesel,6 a 10 personas,20.48518395,-89.71377432,2010-07
31,Yucatán       ,050,Merida,Mérida,31050,2,II Noroeste ,1,Mérida,4589408,GRUPO YUGA,GRUPO YUGA  SA DE CV,468411,Comercio al por menor de gasolina y diesel,11 a 30 personas,20.96098669,-89.59175139,2010-07
31,Yucatán       ,050,Merida,Mérida,31050,2,II Noroeste ,1,Mérida,6414304,HIDROCARBUROS DEL SURESTE SA DE CV,HIDROCARBUROS DEL SURESTE SA DE CV,468411,Comercio al por menor de gasolina y diesel,11 a 30 personas,21.03352275,-89.65597459,2010-07
31,Yucatán       ,050,Merida,Mérida,31050,2,II Noroeste ,1,Mérida,4572710,IMPULSO ENERGETICO,IMPULSO ENERGÉTICO SA DE CV,468411,Comercio al por menor de gasolina y diesel,11 a 30 personas,21.03010824,-89.63296917,2010-07
31,Yucatán       ,050,Merida,Mérida,31050,2,II Noroeste ,1,Mérida,4581673,INTERNACIONAL DE COMBUSTIBLES,INTERNACIONAL DE COMBUSTIBLES SA DE CV,468411,Comercio al por menor de gasolina y diesel,11 a 30 personas,20.95959436,-89.64192054,2010-07
31,Yucatán       ,041,Kanasin,Kanasín,31041,2,II Noroeste ,246,Carlos Figueroa,9324143,JUAN ANTONIO CASTRO ROMERO,JUAN ANTONIO CASTRO ROMERO ,468411,Comercio al por menor de gasolina y diesel,6 a 10 personas,20.93884417,-89.54061083,2020-11
31,Yucatán       ,050,Merida,Mérida,31050,2,II Noroeste ,1,Mérida,6865501,JUAN PABLO II,CORPORATIVO GASOLINERO DEL CARIBE SA DE CV,468411,Comercio al por menor de gasolina y diesel,11 a 30 personas,20.98556262,-89.6793086,2019-04
31,Yucatán       ,050,Merida,Mérida,31050,2,II Noroeste ,1,Mérida,9325470,LA GAS,LA GAS ,468411,Comercio al por menor de gasolina y diesel,11 a 30 personas,21.05931948,-89.61342476,2020-11
31,Yucatán       ,050,Merida,Mérida,31050,2,II Noroeste ,1,Mérida,6853506,LA GAS CHICHI SUAREZ,COMBUSTIBLES DE YUCATAN SA DE CV,468411,Comercio al por menor de gasolina y diesel,11 a 30 personas,20.9947905,-89.56236172,2018-11
31,Yucatán       ,050,Merida,Mérida,31050,2,II Noroeste ,1,Mérida,6854569,LA GAS REAL MONTEJO,COMBUSTIBLES DE YUCATAN SA DE CV,468411,Comercio al por menor de gasolina y diesel,11 a 30 personas,21.03656019,-89.66079852,2018-11
31,Yucatán       ,050,Merida,Mérida,31050,2,II Noroeste ,1019,Chaactún,8908782,LAS PALMAS DZIBILCHALTUN,ESTACION DE SERVICIOS LAS PALMAS SA DE CV,468411,Comercio al por menor de gasolina y diesel,11 a 30 personas,21.10406718,-89.62554699,2019-11
31,Yucatán       ,101,Uman,Umán,31101,2,II Noroeste ,290,Yaxchilán [Granja de Peces],8836311,LAS PALMAS POXILA,ESTACION DE SERVICIOS LAS PALMAS SA DE CV,468411,Comercio al por menor de gasolina y diesel,11 a 30 personas,20.78674266,-89.81705993,2019-11
31,Yucatán       ,041,Kanasin,Kanasín,31041,2,II Noroeste ,53,Paraíso Ampliación,6874738,LAS PALMAS TEHUITZ,ESTACION DE SERVICIOS LAS PALMAS SA DE CV,468411,Comercio al por menor de gasolina y diesel,11 a 30 personas,20.89534936,-89.51116495,2019-04
31,Yucatán       ,096,Tizimin,Tizimín,31096,5,V Noreste ,1316,Canán,6882017,LAS PALMAS TIZIMIN,ESTACION DE SERVICIOS LAS PALMAS SA DE CV,468411,Comercio al por menor de gasolina y diesel,11 a 30 personas,21.16649131,-88.15437165,2019-04
31,Yucatán       ,050,Merida,Mérida,31050,2,II Noroeste ,1,Mérida,6238763,LODEMO RED ESTACIONES DE SERVICIO GASOLINERA,,468411,Comercio al por menor de gasolina y diesel,11 a 30 personas,21.00117757,-89.59613354,2010-07
31,Yucatán       ,050,Merida,Mérida,31050,2,II Noroeste ,1,Mérida,6879673,LURPE COMBUSTIBLES PENINSULARES,LURPE COMBUSTIBLES PENINSULARES SA DE CV,468411,Comercio al por menor de gasolina y diesel,6 a 10 personas,21.03109215,-89.5670404,2019-04
31,Yucatán       ,050,Merida,Mérida,31050,2,II Noroeste ,1,Mérida,6879337,MAXIMUS DE YUCATAN S.A. DE C.V.,MAXIMUS DE YUCATAN SA DE CV,468411,Comercio al por menor de gasolina y diesel,11 a 30 personas,21.05163728,-89.67011004,2019-04
31,Yucatán       ,050,Merida,Mérida,31050,2,II Noroeste ,1,Mérida,6874517,MÉXICO ORIENTE,SERVICIOS HIDASA SA DE CV,468411,Comercio al por menor de gasolina y diesel,11 a 30 personas,21.00096069,-89.562232,2019-04
31,Yucatán       ,052,Motul,Motul,31052,4,IV Litoral centro ,1,Motul de Carrillo Puerto,6223094,MOTUL MONTY,,468411,Comercio al por menor de gasolina y diesel,6 a 10 personas,21.09702003,-89.30013955,2010-07
31,Yucatán       ,096,Tizimin,Tizimín,31096,5,V Noreste ,1,Tizimín,6416065,MULTISERVICIO TIZIMIN,MULTISERVICIO TIZIMIN SA DE CV,468411,Comercio al por menor de gasolina y diesel,6 a 10 personas,21.12735059,-88.15494228,2010-07
31,Yucatán       ,096,Tizimin,Tizimín,31096,5,V Noreste ,1,Tizimín,6413069,MULTISERVICIO TIZIMIN,MULTISERVICIO TIZIMIN SA DE CV,468411,Comercio al por menor de gasolina y diesel,11 a 30 personas,21.14698482,-88.13395248,2010-07
31,Yucatán       ,102,Valladolid,Valladolid,31102,6,VI Oriente,847,El Pueblito [Hotel],6862821,MULTISERVICIO VALLADOLID,MULTISERVICIO VALLADOLID SA DE CV,468411,Comercio al por menor de gasolina y diesel,11 a 30 personas,20.72589661,-88.21066241,2019-04
31,Yucatán       ,079,Tekax,Tekax,31079,7,VII Sur ,1,Tekax de Álvaro Obregón,6882016,NIDIA DEL ROSARIO DE FÁTIMA LUGO RICALDE,,468411,Comercio al por menor de gasolina y diesel,11 a 30 personas,20.20043594,-89.28388689,2019-04
31,Yucatán       ,035,Hoctun,Hoctún,31035,3,III Centro ,53,Servicio Hoctún [Gasolinera],8208336,NIDIA DEL ROSARIO DE FATIMA LUGO RICALDE,,468411,Comercio al por menor de gasolina y diesel,0 a 5 personas,20.87032444,-89.22649583,2019-11
31,Yucatán       ,089,Ticul,Ticul,31089,7,VII Sur ,1,Ticul,6885249,NIDIA DEL ROSARIO DE FATIMA LUGO RICALDE,,468411,Comercio al por menor de gasolina y diesel,11 a 30 personas,20.39647131,-89.54743487,2019-04
31,Yucatán       ,059,Progreso,Progreso,31059,2,II Noroeste ,1,Progreso,9306282,OFICINAS ADMINISTRATIVAS JOSE GABRIEL ESCALANTE,JOSE GABRIEL ESCALANTE Y SUCESORES S DE RL DE CV,468411,Comercio al por menor de gasolina y diesel,0 a 5 personas,21.28324596,-89.66532247,2020-11
31,Yucatán       ,050,Merida,Mérida,31050,2,II Noroeste ,1,Mérida,6861606,OLIVANDERS,OLIVANDERS SA DE CV,468411,Comercio al por menor de gasolina y diesel,6 a 10 personas,20.98459932,-89.70156897,2019-04
31,Yucatán       ,050,Merida,Mérida,31050,2,II Noroeste ,1,Mérida,9251751,OXXO GAS SUC.,SERVICIOS GASOLINEROS DE MEXICO SA DE CV,468411,Comercio al por menor de gasolina y diesel,11 a 30 personas,20.98088058,-89.57421851,2020-04
31,Yucatán       ,050,Merida,Mérida,31050,2,II Noroeste ,1,Mérida,6714754,OXXO GAS SUC. AEROPUERTO MERIDA,SERVICIOS GASOLINEROS DE MEXICO SA DE CV,468411,Comercio al por menor de gasolina y diesel,11 a 30 personas,20.9333482,-89.67237013,2016-01
31,Yucatán       ,050,Merida,Mérida,31050,2,II Noroeste ,1,Mérida,6466612,OXXO GAS SUC. MERIDA CUN,SERVICIOS GASOLINEROS DE MEXICO SA DE CV,468411,Comercio al por menor de gasolina y diesel,11 a 30 personas,20.98098038,-89.58863678,2014-12
31,Yucatán       ,050,Merida,Mérida,31050,2,II Noroeste ,1,Mérida,4522632,PEMEX,ESTACIÓN DE SERVICIOS JUAN PABLO SA DE CV,468411,Comercio al por menor de gasolina y diesel,11 a 30 personas,20.96137442,-89.66336856,2014-12
31,Yucatán       ,050,Merida,Mérida,31050,2,II Noroeste ,1,Mérida,6414408,PERIFÉRICO SUR,AUTOSERVICIO YUCATAN SA DE CV,468411,Comercio al por menor de gasolina y diesel,11 a 30 personas,20.94116956,-89.69746091,2010-07
31,Yucatán       ,101,Uman,Umán,31101,2,II Noroeste ,1,Umán,6414385,PERIFÉRICO SUR SA DE CV,PERIFERICO SUR SA DE CV,468411,Comercio al por menor de gasolina y diesel,31 a 50 personas,20.90434197,-89.67699358,2010-07
31,Yucatán       ,058,Peto,Peto,31058,6,VI Oriente,1,Peto,4564601,PETO,GASOLINERA ROMA SA DE CV,468411,Comercio al por menor de gasolina y diesel,6 a 10 personas,20.12358615,-88.92323518,2010-07
31,Yucatán       ,050,Merida,Mérida,31050,2,II Noroeste ,1,Mérida,8401625,PETROMERIDA,PETROMERIDA SA DE CV,468411,Comercio al por menor de gasolina y diesel,11 a 30 personas,20.97571255,-89.56506032,2019-11
31,Yucatán       ,050,Merida,Mérida,31050,2,II Noroeste ,1,Mérida,8401626,PETROMERIDA AZCORRA,PETROMERIDA SA DE CV,468411,Comercio al por menor de gasolina y diesel,6 a 10 personas,20.95335705,-89.60202221,2019-11
31,Yucatán       ,050,Merida,Mérida,31050,2,II Noroeste ,1,Mérida,8208292,PETROMERIDA CINCO COLONIAS,PETROMERIDA SA DE CV,468411,Comercio al por menor de gasolina y diesel,11 a 30 personas,20.92056332,-89.62073746,2019-11
31,Yucatán       ,050,Merida,Mérida,31050,2,II Noroeste ,1,Mérida,6877298,PETROMERIDA MEXICO NORTE,PETROMERIDA SA DE CV,468411,Comercio al por menor de gasolina y diesel,11 a 30 personas,21.00196531,-89.60802051,2019-04
31,Yucatán       ,040,Izamal,Izamal,31040,3,III Centro ,1,Izamal,6800351,PETROQUÍMICA DE LA PENÍNSULA S.A. DE C.V.,PETROQUIMICA DE LA PENINSULA SA DE CV,468411,Comercio al por menor de gasolina y diesel,11 a 30 personas,20.93619696,-89.03321137,2017-11
31,Yucatán       ,050,Merida,Mérida,31050,2,II Noroeste ,1,Mérida,6880561,PETROSERVICIOS YUCATAN,PETROSERVICIOS YUCATAN SA DE CV,468411,Comercio al por menor de gasolina y diesel,11 a 30 personas,20.99643997,-89.62410362,2019-04
31,Yucatán       ,059,Progreso,Progreso,31059,2,II Noroeste ,1,Progreso,6737985,PROGRESO,SERVICIOS SAN NICOLAS SA DE CV,468411,Comercio al por menor de gasolina y diesel,6 a 10 personas,21.28193021,-89.67715452,2016-10
31,Yucatán       ,050,Merida,Mérida,31050,2,II Noroeste ,1,Mérida,6414180,PROMOTORA DE GASOLINERIAS,PROMOTORA DE GASOLINERIAS SA DE CV,468411,Comercio al por menor de gasolina y diesel,6 a 10 personas,21.03044098,-89.64203596,2010-07
31,Yucatán       ,050,Merida,Mérida,31050,2,II Noroeste ,1,Mérida,8700167,PROMOTORA DE GASOLINERIAS SA DE CV,PROMOTORA DE GASOLINERIAS SA DE CV,468411,Comercio al por menor de gasolina y diesel,6 a 10 personas,21.03016512,-89.6422951,2019-11
31,Yucatán       ,050,Merida,Mérida,31050,2,II Noroeste ,1,Mérida,4508902,ROMA,GASOLINERA ROMA SA DE CV,468411,Comercio al por menor de gasolina y diesel,6 a 10 personas,20.98907776,-89.64253918,2012-06
31,Yucatán       ,085,Temozon,Temozón,31085,6,VI Oriente,173,San Isidro,8893342,SAC XIB CHAAC,SAC XIB CHAAC SA DE CV,468411,Comercio al por menor de gasolina y diesel,6 a 10 personas,20.81938117,-88.19550241,2019-11
31,Yucatán       ,015,Cuzama,Cuzamá,31015,3,III Centro ,28,Nohchakan Uno,8700165,SAC XIB CHAAC SA DE CV,,468411,Comercio al por menor de gasolina y diesel,6 a 10 personas,20.74705111,-89.34058667,2019-11
31,Yucatán       ,050,Merida,Mérida,31050,2,II Noroeste ,1,Mérida,6253185,SELNAV,SERVICIO PERIFÉRICO SELNAV SA DE CV,468411,Comercio al por menor de gasolina y diesel,6 a 10 personas,20.8956342,-89.65000716,2014-12
31,Yucatán       ,050,Merida,Mérida,31050,2,II Noroeste ,1,Mérida,8835854,"SERVICIO 3, S. A. DE C. V.",SERVICIO 3 SA DE CV,468411,Comercio al por menor de gasolina y diesel,0 a 5 personas,21.04160885,-89.65174762,2019-11
31,Yucatán       ,006,Buctzotz,Buctzotz,31006,5,V Noreste ,1,Buctzotz,4489620,SERVICIO BUCTZOTZ,SERVICIO BUCTZOTZ SA DE CV,468411,Comercio al por menor de gasolina y diesel,6 a 10 personas,21.20073349,-88.8045548,2010-07
31,Yucatán       ,050,Merida,Mérida,31050,2,II Noroeste ,1,Mérida,6413956,SERVICIO CINCO COLONIAS,COMBUSTIBLES Y LUBRICANTES CINCO COLONIAS SA DE CV,468411,Comercio al por menor de gasolina y diesel,11 a 30 personas,20.92636784,-89.62064088,2014-12
31,Yucatán       ,050,Merida,Mérida,31050,2,II Noroeste ,1,Mérida,8723802,SERVICIO CIUDAD INDUSTRIAL CANCÚN,SERVICIO CIUDAD INDUSTRIAL CANCUN SA DE CV,468411,Comercio al por menor de gasolina y diesel,11 a 30 personas,20.96018134,-89.57748199,2019-11
31,Yucatán       ,045,Kopoma,Kopomá,31045,1,I Poniente ,7401,Localidad Económica,6415458,SERVICIO DOGRE,SERVICIO DOGRE SA DE CV,468411,Comercio al por menor de gasolina y diesel,11 a 30 personas,20.6285438,-89.93243174,2010-07
31,Yucatán       ,048,Maxcanu,Maxcanú,31048,1,I Poniente ,1,Maxcanú,6413945,SERVICIO DOGRE,SERVICIO DOGRE SA DE CV,468411,Comercio al por menor de gasolina y diesel,11 a 30 personas,20.59379311,-90.00160753,2010-07
31,Yucatán       ,050,Merida,Mérida,31050,2,II Noroeste ,1,Mérida,6413602,SERVICIO DOGRE OFICINAS,SERVICIO DOGRE SA DE CV,468411,Comercio al por menor de gasolina y diesel,0 a 5 personas,21.00986056,-89.58858106,2010-07
31,Yucatán       ,050,Merida,Mérida,31050,2,II Noroeste ,1062,Campostela,6875324,SERVICIO EL ROBLE,SERVICIO EL ROBLE SA DE CV,468411,Comercio al por menor de gasolina y diesel,11 a 30 personas,21.09907581,-89.63822909,2019-04
31,Yucatán       ,078,Tekanto,Tekantó,31078,3,III Centro ,38,Chilam Balam [Gasolinera],6885515,SERVICIO EL ROBLE,SERVICIO EL ROBLE SA DE CV,468411,Comercio al por menor de gasolina y diesel,11 a 30 personas,21.01027278,-89.12933444,2019-04
31,Yucatán       ,041,Kanasin,Kanasín,31041,2,II Noroeste ,160,San Pedro [Deshuesadero],8723916,SERVICIO EL ROBLE SA DE CV,SERVICIO EL ROBLE SA DE CV,468411,Comercio al por menor de gasolina y diesel,11 a 30 personas,20.93711,-89.53568,2019-11
31,Yucatán       ,101,Uman,Umán,31101,2,II Noroeste ,264,El Retorno [Lavadero -Restaurante],8723914,SERVICIO EL ROBLE SA DE CV,SERVICIO EL ROBLE SA DE CV,468411,Comercio al por menor de gasolina y diesel,11 a 30 personas,20.8392,-89.74876,2019-11
31,Yucatán       ,041,Kanasin,Kanasín,31041,2,II Noroeste ,15,Bachoco Teya 4,8723915,SERVICIO EL ROBLE SA DE CV,SERVICIO EL ROBLE SA DE CV,468411,Comercio al por menor de gasolina y diesel,11 a 30 personas,20.93742,-89.53293,2019-11
31,Yucatán       ,101,Uman,Umán,31101,2,II Noroeste ,293,El Roble Qually [Gasolinera],8723913,SERVICIO EL ROBLE SA DE CV,SERVICIO EL ROBLE SA DE CV,468411,Comercio al por menor de gasolina y diesel,11 a 30 personas,20.83696,-89.75164,2019-11
31,Yucatán       ,050,Merida,Mérida,31050,2,II Noroeste ,1,Mérida,6861409,SERVICIO FRACCIONAMIENTO DEL SUR SA DE CV,SERVICIO FRACCIONAMIENTO DEL SUR SA DE CV,468411,Comercio al por menor de gasolina y diesel,6 a 10 personas,20.92281817,-89.60612377,2019-04
31,Yucatán       ,038,Hunucma,Hunucmá,31038,1,I Poniente ,1,Hunucmá,4526844,SERVICIO HUNUCMA,SERVICIO HUNUCMA SA DE CV,468411,Comercio al por menor de gasolina y diesel,11 a 30 personas,21.02660553,-89.85298378,2014-12
31,Yucatán       ,101,Uman,Umán,31101,2,II Noroeste ,1,Umán,4585313,SERVICIO INDUSTRIAL UMAN NUMERO DE ESTACION 9215,SERVICIO INDUSTRIAL UMAN SA DE CV,468411,Comercio al por menor de gasolina y diesel,31 a 50 personas,20.91712304,-89.7031467,2010-07
31,Yucatán       ,050,Merida,Mérida,31050,2,II Noroeste ,1,Mérida,4485983,SERVICIO MAYAB,,468411,Comercio al por menor de gasolina y diesel,6 a 10 personas,20.99485628,-89.6163341,2010-07
31,Yucatán       ,050,Merida,Mérida,31050,2,II Noroeste ,1,Mérida,6223733,SERVICIO MERIDA 2000,SERVICIO MÉRIDA 2000 SA DE CV,468411,Comercio al por menor de gasolina y diesel,6 a 10 personas,21.01176336,-89.65315677,2010-07
31,Yucatán       ,050,Merida,Mérida,31050,2,II Noroeste ,1,Mérida,4536045,SERVICIO MERIDA NORTE SA DE CV,SERVICIO MERIDA NORTE SA DE CV,468411,Comercio al por menor de gasolina y diesel,11 a 30 personas,21.03588195,-89.59161232,2014-12
31,Yucatán       ,050,Merida,Mérida,31050,2,II Noroeste ,1,Mérida,6223399,SERVICIO METROPOLITANO CAUCEL,SERVICIO METROPOLITANO CAUCEL SA DE CV,468411,Comercio al por menor de gasolina y diesel,11 a 30 personas,20.99007345,-89.70056704,2010-07
31,Yucatán       ,050,Merida,Mérida,31050,2,II Noroeste ,1,Mérida,4516085,SERVICIO MONTECARLO NORTE,SERVICIO MONTECARLO NORTE SA DE CV,468411,Comercio al por menor de gasolina y diesel,11 a 30 personas,21.02845657,-89.57766752,2014-12
31,Yucatán       ,050,Merida,Mérida,31050,2,II Noroeste ,1,Mérida,6491666,SERVICIO PERIFERICO ORIENTE,SERVICIO PERIFERICO DE ORIENTE SA DE CV,468411,Comercio al por menor de gasolina y diesel,31 a 50 personas,20.95722983,-89.56841618,2016-01
31,Yucatán       ,041,Kanasin,Kanasín,31041,2,II Noroeste ,1,Kanasín,4491751,SERVICIO PERIORIENTE,SERVICIO PERIORIENTE SA DE CV,468411,Comercio al por menor de gasolina y diesel,11 a 30 personas,20.94592543,-89.55418425,2010-07
31,Yucatán       ,050,Merida,Mérida,31050,2,II Noroeste ,1,Mérida,8764781,SERVICIO PRADO NORTE,,468411,Comercio al por menor de gasolina y diesel,6 a 10 personas,21.00251623,-89.60112887,2019-11
31,Yucatán       ,044,Kinchil,Kinchil,31044,1,I Poniente ,1,Kinchil,6280328,SERVICIO RAMOS,SERVICIO RAMOS SA DE CV,468411,Comercio al por menor de gasolina y diesel,6 a 10 personas,20.91231153,-89.9598243,2014-12
31,Yucatán       ,050,Merida,Mérida,31050,2,II Noroeste ,77,Chablekal,8292489,SERVICIO SAN JOSE KUCHE,SERVICIO SAN JOSE KUCHE SA DE CV,468411,Comercio al por menor de gasolina y diesel,6 a 10 personas,21.09189297,-89.56399447,2019-11
31,Yucatán       ,050,Merida,Mérida,31050,2,II Noroeste ,77,Chablekal,8332150,SERVICIO SAN JOSE KUCHE,SERVICIO SAN JOSE KUCHE SA DE CV,468411,Comercio al por menor de gasolina y diesel,6 a 10 personas,21.09098259,-89.56173502,2019-11
31,Yucatán       ,082,Telchac Pueblo,Telchac Pueblo,31082,4,IV Litoral centro ,37,La Quinta,6875148,SERVICIO TELCHAC,SERVICIO TELCHAC SA DE CV,468411,Comercio al por menor de gasolina y diesel,6 a 10 personas,21.21266361,-89.27145444,2019-04
31,Yucatán       ,050,Merida,Mérida,31050,2,II Noroeste ,1,Mérida,6413949,SERVICIO VISTA ALEGRE,COMBUSTIBLES Y LUBRICANTES VISTA ALEGRE SA DE CV,468411,Comercio al por menor de gasolina y diesel,6 a 10 personas,21.00994511,-89.58574189,2010-07
31,Yucatán       ,053,Muna,Muna,31053,7,VII Sur ,1,Muna,8208298,SERVICIO YUCATANENSE S DE RL CV,SERVICIO YUCATANENSE S DE RL DE CV,468411,Comercio al por menor de gasolina y diesel,6 a 10 personas,20.48262633,-89.70407423,2019-11
31,Yucatán       ,076,Tecoh,Tecoh,31076,2,II Noroeste ,17,Mayapán [Zona Arqueológica],8886185,SERVICIO YUCATANENSE S DE RL DE CV,SERVICIO YUCATANENSE S DE RL DE CV,468411,Comercio al por menor de gasolina y diesel,6 a 10 personas,20.62054,-89.46645,2019-11
31,Yucatán       ,050,Merida,Mérida,31050,2,II Noroeste ,1,Mérida,9283872,SERVICIOS ECOLOGICOS BENITO JUAREZ,SERVICISO ECOLOGICOS BENITO JUAREZ SA DE CV,468411,Comercio al por menor de gasolina y diesel,0 a 5 personas,20.97296463,-89.62127041,2020-11
31,Yucatán       ,050,Merida,Mérida,31050,2,II Noroeste ,1,Mérida,9326832,"SERVICIOS ECOLÓGICOS CHICHÉN ITZÁ, S. A. DE C. V.",SERVICIOS ECOLOGICOS CHICHEN ITZA SA DE CV,468411,Comercio al por menor de gasolina y diesel,6 a 10 personas,21.00813869,-89.71479363,2020-11
31,Yucatán       ,101,Uman,Umán,31101,2,II Noroeste ,1,Umán,9326830,SERVICIOS ECOLÓGICOS DE YUCATÁN S. DE R.L. DE C.V.,SERVICIOS ECOLOGICOS DE YUCATAN S. DE R.L. DE C.V.,468411,Comercio al por menor de gasolina y diesel,6 a 10 personas,20.90490174,-89.72121838,2020-11
31,Yucatán       ,052,Motul,Motul,31052,4,IV Litoral centro ,1,Motul de Carrillo Puerto,9326834,SERVICIOS ECOLÓGICOS MAYAPAN S.A. DE C.V.,SERVICIOS ECOLOGICOS MAYAPAN S.A. DE C.V.,468411,Comercio al por menor de gasolina y diesel,0 a 5 personas,21.09845827,-89.28430665,2020-11
31,Yucatán       ,052,Motul,Motul,31052,4,IV Litoral centro ,1,Motul de Carrillo Puerto,9326833,"SERVICIOS ECOLÓGICOS MAYAPAN, S. A. DE C. V.",SERVICIOS ECOLOGICOS MAYAPAN SA DE CV,468411,Comercio al por menor de gasolina y diesel,6 a 10 personas,21.09845827,-89.28430665,2020-11
31,Yucatán       ,050,Merida,Mérida,31050,2,II Noroeste ,1,Mérida,4533800,SERVICIOS KANASIN,SERVICIOS KANASIN SA DE CV,468411,Comercio al por menor de gasolina y diesel,11 a 30 personas,20.96290653,-89.561176,2010-07
31,Yucatán       ,050,Merida,Mérida,31050,2,II Noroeste ,1,Mérida,8208269,SERVICIOS KANASIN,SERVICIOS KANASIN SA DE CV,468411,Comercio al por menor de gasolina y diesel,0 a 5 personas,20.92736299,-89.5983955,2019-11
31,Yucatán       ,050,Merida,Mérida,31050,2,II Noroeste ,1,Mérida,8700122,SERVICIOS KANASIN,SERVICIOS KANASIN SA DE CV,468411,Comercio al por menor de gasolina y diesel,11 a 30 personas,20.99980534,-89.68905036,2019-11
31,Yucatán       ,050,Merida,Mérida,31050,2,II Noroeste ,1,Mérida,8208268,SERVICIOS KANASIN ES10633,SERVICIOS KANASIN SA DE CV,468411,Comercio al por menor de gasolina y diesel,11 a 30 personas,20.99509601,-89.67228966,2019-11
31,Yucatán       ,050,Merida,Mérida,31050,2,II Noroeste ,1,Mérida,6414315,SERVICIOS LA COMPLETA,CORPORACIÓN CANEK DE COMBUSTIBLES SA DE CV,468411,Comercio al por menor de gasolina y diesel,11 a 30 personas,20.97963377,-89.64739098,2010-07
31,Yucatán       ,041,Kanasin,Kanasín,31041,2,II Noroeste ,1,Kanasín,6413993,SERVICIOS LOGÍSTICOS DE ORIENTE,SERVICIOS LOGISTICOS DE ORIENTE  ,468411,Comercio al por menor de gasolina y diesel,11 a 30 personas,20.94563889,-89.573338,2014-12
31,Yucatán       ,101,Uman,Umán,31101,2,II Noroeste ,1,Umán,6280195,SERVICIOS RAMOS,SERVICIO RAMOS SA DE CV,468411,Comercio al por menor de gasolina y diesel,11 a 30 personas,20.88739471,-89.745039,2010-07
31,Yucatán       ,050,Merida,Mérida,31050,2,II Noroeste ,1,Mérida,6857405,SERVICIOS SALVADOR SELEM S.A. DE C.V.,SERVICIOS SALVADOR SELEM SA DE CV,468411,Comercio al por menor de gasolina y diesel,6 a 10 personas,20.93723709,-89.58605533,2019-04
31,Yucatán       ,050,Merida,Mérida,31050,2,II Noroeste ,1,Mérida,4516080,SERVICIOS TAC AEROPUERTO,SERVICIOS TAC SA DE CV,468411,Comercio al por menor de gasolina y diesel,6 a 10 personas,20.94329858,-89.65862616,2010-07
31,Yucatán       ,050,Merida,Mérida,31050,2,II Noroeste ,1,Mérida,6874548,SERVICO EL ROBLE,SERVICIO EL ROBLE SA DE CV,468411,Comercio al por menor de gasolina y diesel,6 a 10 personas,21.08525953,-89.63677677,2019-04
31,Yucatán       ,050,Merida,Mérida,31050,2,II Noroeste ,1,Mérida,4581118,SERVICOMBUSTIBLES INSURGENTES,SERVICOMBUSTIBLES INSURGENTES SA DE CV,468411,Comercio al por menor de gasolina y diesel,6 a 10 personas,20.97117836,-89.63879353,2010-07
31,Yucatán       ,041,Kanasin,Kanasín,31041,2,II Noroeste ,1,Kanasín,6874514,SERVICOMBUSTIBLES KANASIN,SERVICOMBUSTIBLES KANASIN SA DE CV,468411,Comercio al por menor de gasolina y diesel,11 a 30 personas,20.93396072,-89.57823542,2019-04
31,Yucatán       ,050,Merida,Mérida,31050,2,II Noroeste ,1,Mérida,4516087,SERVICOMBUSTIBLES LOS REYES,SERVICOMBUSTIBLES LOS REYES SA DE CV,468411,Comercio al por menor de gasolina y diesel,11 a 30 personas,20.98131186,-89.57330713,2014-12
31,Yucatán       ,050,Merida,Mérida,31050,2,II Noroeste ,1,Mérida,4578738,SERVIPENINSULAR,SERVIPENINSULAR SA DE CV,468411,Comercio al por menor de gasolina y diesel,11 a 30 personas,20.98630117,-89.65821203,2010-07
31,Yucatán       ,033,Halacho,Halachó,31033,1,I Poniente ,1,Halachó,6280468,SUCURSAL HALACHO,ESGES SA DE CV,468411,Comercio al por menor de gasolina y diesel,6 a 10 personas,20.48634542,-90.07291656,2010-07
31,Yucatán       ,004,Baca,Baca,31004,2,II Noroeste ,7401,Localidad Económica,6878000,SUCURSAL MOCOCHA,SERVICIOS HIDASA SA DE CV,468411,Comercio al por menor de gasolina y diesel,6 a 10 personas,21.09863776,-89.39894043,2019-04
31,Yucatán       ,050,Merida,Mérida,31050,2,II Noroeste ,1,Mérida,6413007,SUPER SERVICIO SAN MIGUEL,SUPER SERVICIO SAN MIGUEL SA DE CV,468411,Comercio al por menor de gasolina y diesel,11 a 30 personas,20.99207162,-89.60377235,2010-07
31,Yucatán       ,079,Tekax,Tekax,31079,7,VII Sur ,1,Tekax de Álvaro Obregón,4501498,TEKAX,,468411,Comercio al por menor de gasolina y diesel,6 a 10 personas,20.21245708,-89.30062069,2010-07
31,Yucatán       ,059,Progreso,Progreso,31059,2,II Noroeste ,1,Progreso,9278679,TERMINAL DE FLUIDOS HIDROSUR,HIDROCARBUROS DEL SURESTE SA DE CV,468411,Comercio al por menor de gasolina y diesel,11 a 30 personas,21.34629072,-89.67329264,2020-11
31,Yucatán       ,089,Ticul,Ticul,31089,7,VII Sur ,1,Ticul,6223594,TICUL,,468411,Comercio al por menor de gasolina y diesel,6 a 10 personas,20.40064567,-89.53321018,2010-07
31,Yucatán       ,080,Tekit,Tekit,31080,7,VII Sur ,73,Chunche-Já,8764874,UMAN,SERVICIOS SAN NICOLAS SA DE CV,468411,Comercio al por menor de gasolina y diesel,11 a 30 personas,20.55586,-89.37453,2019-11
31,Yucatán       ,075,Teabo,Teabo,31075,7,VII Sur ,1,Teabo,4571884,URDIDO DE HAMACAS SIN NOMBRE,,468411,Comercio al por menor de gasolina y diesel,0 a 5 personas,20.40217572,-89.28472208,2010-07
31,Yucatán       ,102,Valladolid,Valladolid,31102,6,VI Oriente,743,Xaybé,8723918,VALLADOLID,SERVICIOS SAN NICOLAS SA DE CV,468411,Comercio al por menor de gasolina y diesel,6 a 10 personas,20.74387,-88.22913,2019-11
31,Yucatán       ,102,Valladolid,Valladolid,31102,6,VI Oriente,1,Valladolid,6697942,VALLADOLID CENTRO,AUTOSERVICIO YUCATAN SA DE CV,468411,Comercio al por menor de gasolina y diesel,11 a 30 personas,20.67994008,-88.20058069,2016-01
31,Yucatán       ,066,Santa Elena,Santa Elena,31066,7,VII Sur ,1,Santa Elena,4557923,VENTA DE ACEITES Y RECAMARAS PARA MOTO SIN NOMBRE,,468411,Comercio al por menor de gasolina y diesel,0 a 5 personas,20.32736366,-89.64772439,2014-12
31,Yucatán       ,012,Cenotillo,Cenotillo,31012,5,V Noreste ,1,Cenotillo,4499690,VENTA DE CARBON SIN NOMBRE,,468411,Comercio al por menor de gasolina y diesel,0 a 5 personas,20.96282241,-88.60564879,2010-07
31,Yucatán       ,036,Homun,Homún,31036,3,III Centro ,1,Homún,4492903,VENTA DE COMBUSTIBLES,,468411,Comercio al por menor de gasolina y diesel,0 a 5 personas,20.73894468,-89.28600036,2010-07
31,Yucatán       ,050,Merida,Mérida,31050,2,II Noroeste ,1,Mérida,4550849,VENTA DE COMBUSTIBLES METROPOLISUR SA DE CV,COMBUSTIBLES METROPOLISUR SA DE CV,468411,Comercio al por menor de gasolina y diesel,11 a 30 personas,20.92197278,-89.62796425,2014-12
31,Yucatán       ,003,Akil,Akil,31003,7,VII Sur ,1,Akil,4501385,VENTA DE GASOLINA,,468411,Comercio al por menor de gasolina y diesel,0 a 5 personas,20.26188447,-89.34848511,2010-07
31,Yucatán       ,047,Mani,Maní,31047,7,VII Sur ,1,Maní,4556071,VENTA DE GASOLINA,,468411,Comercio al por menor de gasolina y diesel,0 a 5 personas,20.38570069,-89.39245231,2014-12
31,Yucatán       ,003,Akil,Akil,31003,7,VII Sur ,1,Akil,4561442,VENTA DE GASOLINA,,468411,Comercio al por menor de gasolina y diesel,0 a 5 personas,20.26066028,-89.3520179,2014-12
31,Yucatán       ,047,Mani,Maní,31047,7,VII Sur ,1,Maní,4556096,VENTA DE GASOLINA,,468411,Comercio al por menor de gasolina y diesel,0 a 5 personas,20.38810128,-89.39847122,2014-12
31,Yucatán       ,077,Tekal de Venegas,Tekal de Venegas,31077,3,III Centro ,1,Tekal de Venegas,9315734,VENTA DE GASOLINA,,468411,Comercio al por menor de gasolina y diesel,0 a 5 personas,21.01931342,-88.94597036,2020-11
31,Yucatán       ,036,Homun,Homún,31036,3,III Centro ,1,Homún,4492892,VENTA DE GASOLINA JUSTINA,,468411,Comercio al por menor de gasolina y diesel,0 a 5 personas,20.74028912,-89.29480156,2010-07
31,Yucatán       ,025,Dzan,Dzán,31025,7,VII Sur ,1,Dzan,4568763,VENTA DE GASOLINA SIN NOMBRE,,468411,Comercio al por menor de gasolina y diesel,0 a 5 personas,20.39275501,-89.47111764,2010-07
31,Yucatán       ,104,Yaxcaba,Yaxcabá,31104,6,VI Oriente,1,Yaxcabá,4540892,VENTA DE GASOLINA SIN NOMBRE,,468411,Comercio al por menor de gasolina y diesel,0 a 5 personas,20.55194787,-88.82821812,2014-12
31,Yucatán       ,012,Cenotillo,Cenotillo,31012,5,V Noreste ,1,Cenotillo,4548052,VENTA DE GASOLINA SIN NOMBRE,,468411,Comercio al por menor de gasolina y diesel,0 a 5 personas,20.97416286,-88.602913,2014-12
31,Yucatán       ,003,Akil,Akil,31003,7,VII Sur ,1,Akil,9269164,VENTA DE GASOLINA SIN NOMBRE,,468411,Comercio al por menor de gasolina y diesel,0 a 5 personas,20.25292906,-89.35083744,2020-11
31,Yucatán       ,080,Tekit,Tekit,31080,7,VII Sur ,1,Tekit,9269163,VENTA DE GASOLINA SIN NOMBRE,,468411,Comercio al por menor de gasolina y diesel,0 a 5 personas,20.53441114,-89.33377541,2020-11
